cohort_month,cohort_users,months_since_acquisition,active_users,retention_rate_pct
2026-04-01,4522,0,4522,100.0
2026-04-01,4522,1,2,0.04
2026-03-01,2638,0,2638,100.0
2026-03-01,2638,1,369,13.99
2026-02-01,2035,0,2035,100.0
2026-02-01,2035,1,243,11.94
2026-02-01,2035,2,173,8.5
2026-01-01,2106,0,2106,100.0
2026-01-01,2106,1,155,7.36
2026-01-01,2106,2,146,6.93
2026-01-01,2106,3,145,6.89
2025-12-01,1948,0,1948,100.0
2025-12-01,1948,1,165,8.47
2025-12-01,1948,2,101,5.18
2025-12-01,1948,3,108,5.54
2025-12-01,1948,4,95,4.88
2025-11-01,1820,0,1820,100.0
2025-11-01,1820,1,110,6.04
2025-11-01,1820,2,89,4.89
2025-11-01,1820,3,80,4.4
2025-11-01,1820,4,102,5.6
2025-11-01,1820,5,81,4.45
2025-10-01,1728,0,1728,100.0
2025-10-01,1728,1,103,5.96
2025-10-01,1728,2,69,3.99
2025-10-01,1728,3,92,5.32
2025-10-01,1728,4,60,3.47
2025-10-01,1728,5,66,3.82
2025-10-01,1728,6,71,4.11
2025-09-01,1597,0,1597,100.0
2025-09-01,1597,1,101,6.32
2025-09-01,1597,2,57,3.57
2025-09-01,1597,3,71,4.45
2025-09-01,1597,4,64,4.01
2025-09-01,1597,5,67,4.2
2025-09-01,1597,6,72,4.51
2025-09-01,1597,7,64,4.01
2025-08-01,1621,0,1621,100.0
2025-08-01,1621,1,105,6.48
2025-08-01,1621,2,64,3.95
2025-08-01,1621,3,66,4.07
2025-08-01,1621,4,63,3.89
2025-08-01,1621,5,56,3.45
2025-08-01,1621,6,49,3.02
2025-08-01,1621,7,47,2.9
2025-08-01,1621,8,50,3.08
2025-07-01,1557,0,1557,100.0
2025-07-01,1557,1,74,4.75
2025-07-01,1557,2,58,3.73
2025-07-01,1557,3,57,3.66
2025-07-01,1557,4,42,2.7
2025-07-01,1557,5,56,3.6
2025-07-01,1557,6,48,3.08
2025-07-01,1557,7,48,3.08
2025-07-01,1557,8,53,3.4
2025-07-01,1557,9,44,2.83
2025-06-01,1469,0,1469,100.0
2025-06-01,1469,1,70,4.77
2025-06-01,1469,2,50,3.4
2025-06-01,1469,3,60,4.08
2025-06-01,1469,4,37,2.52
2025-06-01,1469,5,36,2.45
2025-06-01,1469,6,61,4.15
2025-06-01,1469,7,44,3.0
2025-06-01,1469,8,44,3.0
2025-06-01,1469,9,50,3.4
2025-06-01,1469,10,42,2.86
2025-05-01,1462,0,1462,100.0
2025-05-01,1462,1,69,4.72
2025-05-01,1462,2,39,2.67
2025-05-01,1462,3,44,3.01
2025-05-01,1462,4,47,3.21
2025-05-01,1462,5,41,2.8
2025-05-01,1462,6,50,3.42
2025-05-01,1462,7,51,3.49
2025-05-01,1462,8,43,2.94
2025-05-01,1462,9,39,2.67
2025-05-01,1462,10,46,3.15
2025-05-01,1462,11,31,2.12
2025-04-01,1379,0,1379,100.0
2025-04-01,1379,1,69,5.0
2025-04-01,1379,2,36,2.61
2025-04-01,1379,3,43,3.12
2025-04-01,1379,4,49,3.55
2025-04-01,1379,5,29,2.1
2025-04-01,1379,6,34,2.47
2025-04-01,1379,7,39,2.83
2025-04-01,1379,8,35,2.54
2025-04-01,1379,9,41,2.97
2025-04-01,1379,10,34,2.47
2025-04-01,1379,11,42,3.05
2025-04-01,1379,12,42,3.05
2025-03-01,1328,0,1328,100.0
2025-03-01,1328,1,64,4.82
2025-03-01,1328,2,45,3.39
2025-03-01,1328,3,32,2.41
2025-03-01,1328,4,34,2.56
2025-03-01,1328,5,34,2.56
2025-03-01,1328,6,29,2.18
2025-03-01,1328,7,48,3.61
2025-03-01,1328,8,32,2.41
2025-03-01,1328,9,33,2.48
2025-03-01,1328,10,31,2.33
2025-03-01,1328,11,24,1.81
2025-03-01,1328,12,28,2.11
2025-03-01,1328,13,43,3.24
2025-02-01,1070,0,1070,100.0
2025-02-01,1070,1,39,3.64
2025-02-01,1070,2,22,2.06
2025-02-01,1070,3,28,2.62
2025-02-01,1070,4,23,2.15
2025-02-01,1070,5,28,2.62
2025-02-01,1070,6,26,2.43
2025-02-01,1070,7,25,2.34
2025-02-01,1070,8,31,2.9
2025-02-01,1070,9,39,3.64
2025-02-01,1070,10,22,2.06
2025-02-01,1070,11,28,2.62
2025-02-01,1070,12,20,1.87
2025-02-01,1070,13,18,1.68
2025-02-01,1070,14,24,2.24
2025-01-01,1282,0,1282,100.0
2025-01-01,1282,1,57,4.45
2025-01-01,1282,2,21,1.64
2025-01-01,1282,3,32,2.5
2025-01-01,1282,4,23,1.79
2025-01-01,1282,5,31,2.42
2025-01-01,1282,6,37,2.89
2025-01-01,1282,7,34,2.65
2025-01-01,1282,8,28,2.18
2025-01-01,1282,9,38,2.96
2025-01-01,1282,10,27,2.11
2025-01-01,1282,11,48,3.74
2025-01-01,1282,12,26,2.03
2025-01-01,1282,13,33,2.57
2025-01-01,1282,14,25,1.95
2025-01-01,1282,15,21,1.64
2024-12-01,1207,0,1207,100.0
2024-12-01,1207,1,58,4.81
2024-12-01,1207,2,18,1.49
2024-12-01,1207,3,25,2.07
2024-12-01,1207,4,30,2.49
2024-12-01,1207,5,32,2.65
2024-12-01,1207,6,24,1.99
2024-12-01,1207,7,28,2.32
2024-12-01,1207,8,36,2.98
2024-12-01,1207,9,26,2.15
2024-12-01,1207,10,20,1.66
2024-12-01,1207,11,16,1.33
2024-12-01,1207,12,40,3.31
2024-12-01,1207,13,28,2.32
2024-12-01,1207,14,29,2.4
2024-12-01,1207,15,39,3.23
2024-12-01,1207,16,24,1.99
2024-11-01,1161,0,1161,100.0
2024-11-01,1161,1,62,5.34
2024-11-01,1161,2,30,2.58
2024-11-01,1161,3,16,1.38
2024-11-01,1161,4,31,2.67
2024-11-01,1161,5,26,2.24
2024-11-01,1161,6,29,2.5
2024-11-01,1161,7,27,2.33
2024-11-01,1161,8,28,2.41
2024-11-01,1161,9,22,1.89
2024-11-01,1161,10,22,1.89
2024-11-01,1161,11,24,2.07
2024-11-01,1161,12,28,2.41
2024-11-01,1161,13,26,2.24
2024-11-01,1161,14,30,2.58
2024-11-01,1161,15,16,1.38
2024-11-01,1161,16,22,1.89
2024-11-01,1161,17,24,2.07
2024-10-01,1175,0,1175,100.0
2024-10-01,1175,1,56,4.77
2024-10-01,1175,2,34,2.89
2024-10-01,1175,3,30,2.55
2024-10-01,1175,4,18,1.53
2024-10-01,1175,5,31,2.64
2024-10-01,1175,6,17,1.45
2024-10-01,1175,7,25,2.13
2024-10-01,1175,8,28,2.38
2024-10-01,1175,9,24,2.04
2024-10-01,1175,10,30,2.55
2024-10-01,1175,11,25,2.13
2024-10-01,1175,12,29,2.47
2024-10-01,1175,13,30,2.55
2024-10-01,1175,14,25,2.13
2024-10-01,1175,15,42,3.57
2024-10-01,1175,16,22,1.87
2024-10-01,1175,17,27,2.3
2024-10-01,1175,18,15,1.28
2024-09-01,1132,0,1132,100.0
2024-09-01,1132,1,35,3.09
2024-09-01,1132,2,20,1.77
2024-09-01,1132,3,27,2.39
2024-09-01,1132,4,30,2.65
2024-09-01,1132,5,23,2.03
2024-09-01,1132,6,23,2.03
2024-09-01,1132,7,18,1.59
2024-09-01,1132,8,30,2.65
2024-09-01,1132,9,24,2.12
2024-09-01,1132,10,26,2.3
2024-09-01,1132,11,22,1.94
2024-09-01,1132,12,22,1.94
2024-09-01,1132,13,30,2.65
2024-09-01,1132,14,31,2.74
2024-09-01,1132,15,25,2.21
2024-09-01,1132,16,18,1.59
2024-09-01,1132,17,20,1.77
2024-09-01,1132,18,23,2.03
2024-09-01,1132,19,16,1.41
2024-08-01,1045,0,1045,100.0
2024-08-01,1045,1,43,4.11
2024-08-01,1045,2,20,1.91
2024-08-01,1045,3,28,2.68
2024-08-01,1045,4,17,1.63
2024-08-01,1045,5,22,2.11
2024-08-01,1045,6,18,1.72
2024-08-01,1045,7,24,2.3
2024-08-01,1045,8,15,1.44
2024-08-01,1045,9,24,2.3
2024-08-01,1045,10,27,2.58
2024-08-01,1045,11,17,1.63
2024-08-01,1045,12,16,1.53
2024-08-01,1045,13,22,2.11
2024-08-01,1045,14,19,1.82
2024-08-01,1045,15,20,1.91
2024-08-01,1045,16,15,1.44
2024-08-01,1045,17,17,1.63
2024-08-01,1045,18,17,1.63
2024-08-01,1045,19,16,1.53
2024-08-01,1045,20,20,1.91
2024-07-01,1085,0,1085,100.0
2024-07-01,1085,1,46,4.24
2024-07-01,1085,2,19,1.75
2024-07-01,1085,3,22,2.03
2024-07-01,1085,4,25,2.3
2024-07-01,1085,5,16,1.47
2024-07-01,1085,6,22,2.03
2024-07-01,1085,7,23,2.12
2024-07-01,1085,8,19,1.75
2024-07-01,1085,9,17,1.57
2024-07-01,1085,10,23,2.12
2024-07-01,1085,11,21,1.94
2024-07-01,1085,12,21,1.94
2024-07-01,1085,13,20,1.84
2024-07-01,1085,14,20,1.84
2024-07-01,1085,15,19,1.75
2024-07-01,1085,16,25,2.3
2024-07-01,1085,17,12,1.11
2024-07-01,1085,18,19,1.75
2024-07-01,1085,19,15,1.38
2024-07-01,1085,20,21,1.94
2024-07-01,1085,21,13,1.2
2024-06-01,1060,0,1060,100.0
2024-06-01,1060,1,38,3.58
2024-06-01,1060,2,18,1.7
2024-06-01,1060,3,23,2.17
2024-06-01,1060,4,19,1.79
2024-06-01,1060,5,21,1.98
2024-06-01,1060,6,28,2.64
2024-06-01,1060,7,23,2.17
2024-06-01,1060,8,13,1.23
2024-06-01,1060,9,25,2.36
2024-06-01,1060,10,19,1.79
2024-06-01,1060,11,17,1.6
2024-06-01,1060,12,21,1.98
2024-06-01,1060,13,25,2.36
2024-06-01,1060,14,18,1.7
2024-06-01,1060,15,16,1.51
2024-06-01,1060,16,29,2.74
2024-06-01,1060,17,17,1.6
2024-06-01,1060,18,18,1.7
2024-06-01,1060,19,16,1.51
2024-06-01,1060,20,17,1.6
2024-06-01,1060,21,18,1.7
2024-06-01,1060,22,19,1.79
2024-05-01,1069,0,1069,100.0
2024-05-01,1069,1,45,4.21
2024-05-01,1069,2,21,1.96
2024-05-01,1069,3,17,1.59
2024-05-01,1069,4,29,2.71
2024-05-01,1069,5,21,1.96
2024-05-01,1069,6,28,2.62
2024-05-01,1069,7,24,2.25
2024-05-01,1069,8,17,1.59
2024-05-01,1069,9,16,1.5
2024-05-01,1069,10,27,2.53
2024-05-01,1069,11,16,1.5
2024-05-01,1069,12,21,1.96
2024-05-01,1069,13,18,1.68
2024-05-01,1069,14,24,2.25
2024-05-01,1069,15,17,1.59
2024-05-01,1069,16,25,2.34
2024-05-01,1069,17,13,1.22
2024-05-01,1069,18,24,2.25
2024-05-01,1069,19,19,1.78
2024-05-01,1069,20,18,1.68
2024-05-01,1069,21,20,1.87
2024-05-01,1069,22,22,2.06
2024-05-01,1069,23,15,1.4
2024-04-01,994,0,994,100.0
2024-04-01,994,1,42,4.23
2024-04-01,994,2,25,2.52
2024-04-01,994,3,15,1.51
2024-04-01,994,4,16,1.61
2024-04-01,994,5,24,2.41
2024-04-01,994,6,18,1.81
2024-04-01,994,7,21,2.11
2024-04-01,994,8,18,1.81
2024-04-01,994,9,13,1.31
2024-04-01,994,10,19,1.91
2024-04-01,994,11,25,2.52
2024-04-01,994,12,25,2.52
2024-04-01,994,13,17,1.71
2024-04-01,994,14,23,2.31
2024-04-01,994,15,13,1.31
2024-04-01,994,16,15,1.51
2024-04-01,994,17,20,2.01
2024-04-01,994,18,22,2.21
2024-04-01,994,19,17,1.71
2024-04-01,994,20,19,1.91
2024-04-01,994,21,22,2.21
2024-04-01,994,22,17,1.71
2024-04-01,994,23,18,1.81
2024-04-01,994,24,13,1.31
2024-03-01,930,0,930,100.0
2024-03-01,930,1,32,3.44
2024-03-01,930,2,11,1.18
2024-03-01,930,3,14,1.51
2024-03-01,930,4,17,1.83
2024-03-01,930,5,13,1.4
2024-03-01,930,6,19,2.04
2024-03-01,930,7,14,1.51
2024-03-01,930,8,16,1.72
2024-03-01,930,9,14,1.51
2024-03-01,930,10,22,2.37
2024-03-01,930,11,12,1.29
2024-03-01,930,12,15,1.61
2024-03-01,930,13,13,1.4
2024-03-01,930,14,14,1.51
2024-03-01,930,15,8,0.86
2024-03-01,930,16,21,2.26
2024-03-01,930,17,24,2.58
2024-03-01,930,18,15,1.61
2024-03-01,930,19,13,1.4
2024-03-01,930,20,17,1.83
2024-03-01,930,21,17,1.83
2024-03-01,930,22,14,1.51
2024-03-01,930,23,16,1.72
2024-03-01,930,24,19,2.04
2024-03-01,930,25,10,1.08
2024-02-01,850,0,850,100.0
2024-02-01,850,1,28,3.29
2024-02-01,850,2,15,1.76
2024-02-01,850,3,18,2.12
2024-02-01,850,4,16,1.88
2024-02-01,850,5,11,1.29
2024-02-01,850,6,18,2.12
2024-02-01,850,7,18,2.12
2024-02-01,850,8,18,2.12
2024-02-01,850,9,16,1.88
2024-02-01,850,10,19,2.24
2024-02-01,850,11,8,0.94
2024-02-01,850,12,16,1.88
2024-02-01,850,13,13,1.53
2024-02-01,850,14,18,2.12
2024-02-01,850,15,13,1.53
2024-02-01,850,16,16,1.88
2024-02-01,850,17,19,2.24
2024-02-01,850,18,17,2.0
2024-02-01,850,19,10,1.18
2024-02-01,850,20,12,1.41
2024-02-01,850,21,20,2.35
2024-02-01,850,22,14,1.65
2024-02-01,850,23,13,1.53
2024-02-01,850,24,14,1.65
2024-02-01,850,25,17,2.0
2024-02-01,850,26,17,2.0
2024-01-01,893,0,893,100.0
2024-01-01,893,1,30,3.36
2024-01-01,893,2,10,1.12
2024-01-01,893,3,14,1.57
2024-01-01,893,4,15,1.68
2024-01-01,893,5,20,2.24
2024-01-01,893,6,13,1.46
2024-01-01,893,7,23,2.58
2024-01-01,893,8,12,1.34
2024-01-01,893,9,11,1.23
2024-01-01,893,10,14,1.57
2024-01-01,893,11,15,1.68
2024-01-01,893,12,12,1.34
2024-01-01,893,13,11,1.23
2024-01-01,893,14,13,1.46
2024-01-01,893,15,18,2.02
2024-01-01,893,16,11,1.23
2024-01-01,893,17,19,2.13
2024-01-01,893,18,17,1.9
2024-01-01,893,19,19,2.13
2024-01-01,893,20,15,1.68
2024-01-01,893,21,12,1.34
2024-01-01,893,22,15,1.68
2024-01-01,893,23,10,1.12
2024-01-01,893,24,17,1.9
2024-01-01,893,25,14,1.57
2024-01-01,893,26,14,1.57
2024-01-01,893,27,19,2.13
2023-12-01,929,0,929,100.0
2023-12-01,929,1,37,3.98
2023-12-01,929,2,12,1.29
2023-12-01,929,3,19,2.05
2023-12-01,929,4,12,1.29
2023-12-01,929,5,19,2.05
2023-12-01,929,6,15,1.61
2023-12-01,929,7,16,1.72
2023-12-01,929,8,18,1.94
2023-12-01,929,9,14,1.51
2023-12-01,929,10,16,1.72
2023-12-01,929,11,23,2.48
2023-12-01,929,12,14,1.51
2023-12-01,929,13,11,1.18
2023-12-01,929,14,18,1.94
2023-12-01,929,15,14,1.51
2023-12-01,929,16,16,1.72
2023-12-01,929,17,18,1.94
2023-12-01,929,18,12,1.29
2023-12-01,929,19,13,1.4
2023-12-01,929,20,22,2.37
2023-12-01,929,21,21,2.26
2023-12-01,929,22,20,2.15
2023-12-01,929,23,15,1.61
2023-12-01,929,24,17,1.83
2023-12-01,929,25,18,1.94
2023-12-01,929,26,13,1.4
2023-12-01,929,27,17,1.83
2023-12-01,929,28,18,1.94
2023-11-01,849,0,849,100.0
2023-11-01,849,1,28,3.3
2023-11-01,849,2,10,1.18
2023-11-01,849,3,7,0.82
2023-11-01,849,4,17,2.0
2023-11-01,849,5,11,1.3
2023-11-01,849,6,7,0.82
2023-11-01,849,7,9,1.06
2023-11-01,849,8,17,2.0
2023-11-01,849,9,13,1.53
2023-11-01,849,10,11,1.3
2023-11-01,849,11,9,1.06
2023-11-01,849,12,16,1.88
2023-11-01,849,13,15,1.77
2023-11-01,849,14,17,2.0
2023-11-01,849,15,12,1.41
2023-11-01,849,16,14,1.65
2023-11-01,849,17,16,1.88
2023-11-01,849,18,17,2.0
2023-11-01,849,19,15,1.77
2023-11-01,849,20,16,1.88
2023-11-01,849,21,10,1.18
2023-11-01,849,22,14,1.65
2023-11-01,849,23,14,1.65
2023-11-01,849,24,20,2.36
2023-11-01,849,25,9,1.06
2023-11-01,849,26,13,1.53
2023-11-01,849,27,6,0.71
2023-11-01,849,28,13,1.53
2023-11-01,849,29,7,0.82
2023-10-01,834,0,834,100.0
2023-10-01,834,1,34,4.08
2023-10-01,834,2,19,2.28
2023-10-01,834,3,12,1.44
2023-10-01,834,4,20,2.4
2023-10-01,834,5,19,2.28
2023-10-01,834,6,13,1.56
2023-10-01,834,7,18,2.16
2023-10-01,834,8,9,1.08
2023-10-01,834,9,18,2.16
2023-10-01,834,10,10,1.2
2023-10-01,834,11,12,1.44
2023-10-01,834,12,18,2.16
2023-10-01,834,13,15,1.8
2023-10-01,834,14,11,1.32
2023-10-01,834,15,18,2.16
2023-10-01,834,16,7,0.84
2023-10-01,834,17,6,0.72
2023-10-01,834,18,14,1.68
2023-10-01,834,19,10,1.2
2023-10-01,834,20,11,1.32
2023-10-01,834,21,11,1.32
2023-10-01,834,22,14,1.68
2023-10-01,834,23,11,1.32
2023-10-01,834,24,10,1.2
2023-10-01,834,25,10,1.2
2023-10-01,834,26,11,1.32
2023-10-01,834,27,12,1.44
2023-10-01,834,28,16,1.92
2023-10-01,834,29,25,3.0
2023-10-01,834,30,13,1.56
2023-09-01,821,0,821,100.0
2023-09-01,821,1,26,3.17
2023-09-01,821,2,11,1.34
2023-09-01,821,3,9,1.1
2023-09-01,821,4,11,1.34
2023-09-01,821,5,15,1.83
2023-09-01,821,6,8,0.97
2023-09-01,821,7,12,1.46
2023-09-01,821,8,12,1.46
2023-09-01,821,9,17,2.07
2023-09-01,821,10,11,1.34
2023-09-01,821,11,14,1.71
2023-09-01,821,12,14,1.71
2023-09-01,821,13,14,1.71
2023-09-01,821,14,7,0.85
2023-09-01,821,15,11,1.34
2023-09-01,821,16,13,1.58
2023-09-01,821,17,11,1.34
2023-09-01,821,18,16,1.95
2023-09-01,821,19,15,1.83
2023-09-01,821,20,14,1.71
2023-09-01,821,21,8,0.97
2023-09-01,821,22,13,1.58
2023-09-01,821,23,14,1.71
2023-09-01,821,24,19,2.31
2023-09-01,821,25,19,2.31
2023-09-01,821,26,17,2.07
2023-09-01,821,27,16,1.95
2023-09-01,821,28,9,1.1
2023-09-01,821,29,15,1.83
2023-09-01,821,30,8,0.97
2023-09-01,821,31,11,1.34
2023-08-01,855,0,855,100.0
2023-08-01,855,1,21,2.46
2023-08-01,855,2,14,1.64
2023-08-01,855,3,17,1.99
2023-08-01,855,4,16,1.87
2023-08-01,855,5,14,1.64
2023-08-01,855,6,13,1.52
2023-08-01,855,7,21,2.46
2023-08-01,855,8,15,1.75
2023-08-01,855,9,11,1.29
2023-08-01,855,10,15,1.75
2023-08-01,855,11,10,1.17
2023-08-01,855,12,14,1.64
2023-08-01,855,13,17,1.99
2023-08-01,855,14,10,1.17
2023-08-01,855,15,15,1.75
2023-08-01,855,16,9,1.05
2023-08-01,855,17,17,1.99
2023-08-01,855,18,11,1.29
2023-08-01,855,19,15,1.75
2023-08-01,855,20,14,1.64
2023-08-01,855,21,11,1.29
2023-08-01,855,22,12,1.4
2023-08-01,855,23,11,1.29
2023-08-01,855,24,15,1.75
2023-08-01,855,25,7,0.82
2023-08-01,855,26,14,1.64
2023-08-01,855,27,20,2.34
2023-08-01,855,28,19,2.22
2023-08-01,855,29,15,1.75
2023-08-01,855,30,11,1.29
2023-08-01,855,31,12,1.4
2023-08-01,855,32,5,0.58
2023-07-01,825,0,825,100.0
2023-07-01,825,1,24,2.91
2023-07-01,825,2,11,1.33
2023-07-01,825,3,11,1.33
2023-07-01,825,4,18,2.18
2023-07-01,825,5,10,1.21
2023-07-01,825,6,13,1.58
2023-07-01,825,7,14,1.7
2023-07-01,825,8,10,1.21
2023-07-01,825,9,20,2.42
2023-07-01,825,10,16,1.94
2023-07-01,825,11,8,0.97
2023-07-01,825,12,11,1.33
2023-07-01,825,13,13,1.58
2023-07-01,825,14,20,2.42
2023-07-01,825,15,10,1.21
2023-07-01,825,16,14,1.7
2023-07-01,825,17,8,0.97
2023-07-01,825,18,14,1.7
2023-07-01,825,19,10,1.21
2023-07-01,825,20,12,1.45
2023-07-01,825,21,12,1.45
2023-07-01,825,22,12,1.45
2023-07-01,825,23,10,1.21
2023-07-01,825,24,14,1.7
2023-07-01,825,25,12,1.45
2023-07-01,825,26,12,1.45
2023-07-01,825,27,9,1.09
2023-07-01,825,28,10,1.21
2023-07-01,825,29,9,1.09
2023-07-01,825,30,11,1.33
2023-07-01,825,31,11,1.33
2023-07-01,825,32,11,1.33
2023-07-01,825,33,20,2.42
2023-06-01,752,0,752,100.0
2023-06-01,752,1,21,2.79
2023-06-01,752,2,10,1.33
2023-06-01,752,3,12,1.6
2023-06-01,752,4,14,1.86
2023-06-01,752,5,10,1.33
2023-06-01,752,6,14,1.86
2023-06-01,752,7,16,2.13
2023-06-01,752,8,8,1.06
2023-06-01,752,9,15,1.99
2023-06-01,752,10,12,1.6
2023-06-01,752,11,9,1.2
2023-06-01,752,12,9,1.2
2023-06-01,752,13,14,1.86
2023-06-01,752,14,16,2.13
2023-06-01,752,15,10,1.33
2023-06-01,752,16,12,1.6
2023-06-01,752,17,4,0.53
2023-06-01,752,18,15,1.99
2023-06-01,752,19,11,1.46
2023-06-01,752,20,12,1.6
2023-06-01,752,21,8,1.06
2023-06-01,752,22,8,1.06
2023-06-01,752,23,8,1.06
2023-06-01,752,24,10,1.33
2023-06-01,752,25,12,1.6
2023-06-01,752,26,14,1.86
2023-06-01,752,27,10,1.33
2023-06-01,752,28,9,1.2
2023-06-01,752,29,9,1.2
2023-06-01,752,30,11,1.46
2023-06-01,752,31,15,1.99
2023-06-01,752,32,10,1.33
2023-06-01,752,33,18,2.39
2023-06-01,752,34,11,1.46
2023-05-01,757,0,757,100.0
2023-05-01,757,1,23,3.04
2023-05-01,757,2,13,1.72
2023-05-01,757,3,11,1.45
2023-05-01,757,4,10,1.32
2023-05-01,757,5,11,1.45
2023-05-01,757,6,11,1.45
2023-05-01,757,7,10,1.32
2023-05-01,757,8,4,0.53
2023-05-01,757,9,7,0.92
2023-05-01,757,10,11,1.45
2023-05-01,757,11,9,1.19
2023-05-01,757,12,15,1.98
2023-05-01,757,13,3,0.4
2023-05-01,757,14,19,2.51
2023-05-01,757,15,7,0.92
2023-05-01,757,16,15,1.98
2023-05-01,757,17,11,1.45
2023-05-01,757,18,10,1.32
2023-05-01,757,19,9,1.19
2023-05-01,757,20,13,1.72
2023-05-01,757,21,8,1.06
2023-05-01,757,22,10,1.32
2023-05-01,757,23,17,2.25
2023-05-01,757,24,9,1.19
2023-05-01,757,25,15,1.98
2023-05-01,757,26,9,1.19
2023-05-01,757,27,10,1.32
2023-05-01,757,28,16,2.11
2023-05-01,757,29,12,1.59
2023-05-01,757,30,13,1.72
2023-05-01,757,31,9,1.19
2023-05-01,757,32,8,1.06
2023-05-01,757,33,7,0.92
2023-05-01,757,34,12,1.59
2023-05-01,757,35,8,1.06
2023-04-01,704,0,704,100.0
2023-04-01,704,1,35,4.97
2023-04-01,704,2,5,0.71
2023-04-01,704,3,7,0.99
2023-04-01,704,4,8,1.14
2023-04-01,704,5,12,1.7
2023-04-01,704,6,10,1.42
2023-04-01,704,7,13,1.85
2023-04-01,704,8,18,2.56
2023-04-01,704,9,17,2.41
2023-04-01,704,10,9,1.28
2023-04-01,704,11,6,0.85
2023-04-01,704,12,11,1.56
2023-04-01,704,13,11,1.56
2023-04-01,704,14,10,1.42
2023-04-01,704,15,11,1.56
2023-04-01,704,16,11,1.56
2023-04-01,704,17,3,0.43
2023-04-01,704,18,8,1.14
2023-04-01,704,19,5,0.71
2023-04-01,704,20,8,1.14
2023-04-01,704,21,13,1.85
2023-04-01,704,22,12,1.7
2023-04-01,704,23,8,1.14
2023-04-01,704,24,9,1.28
2023-04-01,704,25,9,1.28
2023-04-01,704,26,7,0.99
2023-04-01,704,27,11,1.56
2023-04-01,704,28,10,1.42
2023-04-01,704,29,4,0.57
2023-04-01,704,30,13,1.85
2023-04-01,704,31,8,1.14
2023-04-01,704,32,8,1.14
2023-04-01,704,33,8,1.14
2023-04-01,704,34,15,2.13
2023-04-01,704,35,9,1.28
2023-04-01,704,36,8,1.14
2023-03-01,720,0,720,100.0
2023-03-01,720,1,23,3.19
2023-03-01,720,2,9,1.25
2023-03-01,720,3,3,0.42
2023-03-01,720,4,11,1.53
2023-03-01,720,5,9,1.25
2023-03-01,720,6,10,1.39
2023-03-01,720,7,10,1.39
2023-03-01,720,8,12,1.67
2023-03-01,720,9,11,1.53
2023-03-01,720,10,5,0.69
2023-03-01,720,11,10,1.39
2023-03-01,720,12,9,1.25
2023-03-01,720,13,13,1.81
2023-03-01,720,14,13,1.81
2023-03-01,720,15,13,1.81
2023-03-01,720,16,10,1.39
2023-03-01,720,17,10,1.39
2023-03-01,720,18,13,1.81
2023-03-01,720,19,9,1.25
2023-03-01,720,20,20,2.78
2023-03-01,720,21,14,1.94
2023-03-01,720,22,6,0.83
2023-03-01,720,23,3,0.42
2023-03-01,720,24,8,1.11
2023-03-01,720,25,10,1.39
2023-03-01,720,26,8,1.11
2023-03-01,720,27,14,1.94
2023-03-01,720,28,12,1.67
2023-03-01,720,29,12,1.67
2023-03-01,720,30,10,1.39
2023-03-01,720,31,6,0.83
2023-03-01,720,32,10,1.39
2023-03-01,720,33,9,1.25
2023-03-01,720,34,7,0.97
2023-03-01,720,35,14,1.94
2023-03-01,720,36,5,0.69
2023-03-01,720,37,8,1.11
2023-02-01,634,0,634,100.0
2023-02-01,634,1,29,4.57
2023-02-01,634,2,6,0.95
2023-02-01,634,3,10,1.58
2023-02-01,634,4,7,1.1
2023-02-01,634,5,13,2.05
2023-02-01,634,6,11,1.74
2023-02-01,634,7,10,1.58
2023-02-01,634,8,15,2.37
2023-02-01,634,9,14,2.21
2023-02-01,634,10,11,1.74
2023-02-01,634,11,10,1.58
2023-02-01,634,12,4,0.63
2023-02-01,634,13,10,1.58
2023-02-01,634,14,7,1.1
2023-02-01,634,15,9,1.42
2023-02-01,634,16,9,1.42
2023-02-01,634,17,12,1.89
2023-02-01,634,18,8,1.26
2023-02-01,634,19,4,0.63
2023-02-01,634,20,14,2.21
2023-02-01,634,21,8,1.26
2023-02-01,634,22,12,1.89
2023-02-01,634,23,7,1.1
2023-02-01,634,24,11,1.74
2023-02-01,634,25,9,1.42
2023-02-01,634,26,8,1.26
2023-02-01,634,27,8,1.26
2023-02-01,634,28,11,1.74
2023-02-01,634,29,5,0.79
2023-02-01,634,30,3,0.47
2023-02-01,634,31,8,1.26
2023-02-01,634,32,12,1.89
2023-02-01,634,33,14,2.21
2023-02-01,634,34,14,2.21
2023-02-01,634,35,4,0.63
2023-02-01,634,36,6,0.95
2023-02-01,634,37,5,0.79
2023-02-01,634,38,9,1.42
2023-01-01,685,0,685,100.0
2023-01-01,685,1,17,2.48
2023-01-01,685,2,8,1.17
2023-01-01,685,3,9,1.31
2023-01-01,685,4,8,1.17
2023-01-01,685,5,11,1.61
2023-01-01,685,6,6,0.88
2023-01-01,685,7,6,0.88
2023-01-01,685,8,4,0.58
2023-01-01,685,9,9,1.31
2023-01-01,685,10,13,1.9
2023-01-01,685,11,6,0.88
2023-01-01,685,12,6,0.88
2023-01-01,685,13,7,1.02
2023-01-01,685,14,8,1.17
2023-01-01,685,15,8,1.17
2023-01-01,685,16,8,1.17
2023-01-01,685,17,3,0.44
2023-01-01,685,18,6,0.88
2023-01-01,685,19,7,1.02
2023-01-01,685,20,8,1.17
2023-01-01,685,21,15,2.19
2023-01-01,685,22,7,1.02
2023-01-01,685,23,10,1.46
2023-01-01,685,24,8,1.17
2023-01-01,685,25,6,0.88
2023-01-01,685,26,10,1.46
2023-01-01,685,27,7,1.02
2023-01-01,685,28,12,1.75
2023-01-01,685,29,9,1.31
2023-01-01,685,30,12,1.75
2023-01-01,685,31,9,1.31
2023-01-01,685,32,7,1.02
2023-01-01,685,33,6,0.88
2023-01-01,685,34,11,1.61
2023-01-01,685,35,11,1.61
2023-01-01,685,36,12,1.75
2023-01-01,685,37,9,1.31
2023-01-01,685,38,9,1.31
2023-01-01,685,39,8,1.17
2022-12-01,635,0,635,100.0
2022-12-01,635,1,17,2.68
2022-12-01,635,2,9,1.42
2022-12-01,635,3,5,0.79
2022-12-01,635,4,11,1.73
2022-12-01,635,5,6,0.94
2022-12-01,635,6,7,1.1
2022-12-01,635,7,5,0.79
2022-12-01,635,8,7,1.1
2022-12-01,635,9,8,1.26
2022-12-01,635,10,11,1.73
2022-12-01,635,11,7,1.1
2022-12-01,635,12,10,1.57
2022-12-01,635,13,7,1.1
2022-12-01,635,14,4,0.63
2022-12-01,635,15,5,0.79
2022-12-01,635,16,15,2.36
2022-12-01,635,17,7,1.1
2022-12-01,635,18,5,0.79
2022-12-01,635,19,10,1.57
2022-12-01,635,20,5,0.79
2022-12-01,635,21,13,2.05
2022-12-01,635,22,6,0.94
2022-12-01,635,23,10,1.57
2022-12-01,635,24,8,1.26
2022-12-01,635,25,5,0.79
2022-12-01,635,26,8,1.26
2022-12-01,635,27,14,2.2
2022-12-01,635,28,8,1.26
2022-12-01,635,29,9,1.42
2022-12-01,635,30,3,0.47
2022-12-01,635,31,6,0.94
2022-12-01,635,32,11,1.73
2022-12-01,635,33,5,0.79
2022-12-01,635,34,12,1.89
2022-12-01,635,35,10,1.57
2022-12-01,635,36,7,1.1
2022-12-01,635,37,5,0.79
2022-12-01,635,38,11,1.73
2022-12-01,635,39,8,1.26
2022-12-01,635,40,4,0.63
2022-11-01,618,0,618,100.0
2022-11-01,618,1,17,2.75
2022-11-01,618,2,9,1.46
2022-11-01,618,3,9,1.46
2022-11-01,618,4,3,0.49
2022-11-01,618,5,12,1.94
2022-11-01,618,6,7,1.13
2022-11-01,618,7,10,1.62
2022-11-01,618,8,9,1.46
2022-11-01,618,9,6,0.97
2022-11-01,618,10,7,1.13
2022-11-01,618,11,9,1.46
2022-11-01,618,12,8,1.29
2022-11-01,618,13,13,2.1
2022-11-01,618,14,13,2.1
2022-11-01,618,15,13,2.1
2022-11-01,618,16,10,1.62
2022-11-01,618,17,13,2.1
2022-11-01,618,18,10,1.62
2022-11-01,618,19,12,1.94
2022-11-01,618,20,9,1.46
2022-11-01,618,21,10,1.62
2022-11-01,618,22,7,1.13
2022-11-01,618,23,13,2.1
2022-11-01,618,24,7,1.13
2022-11-01,618,25,3,0.49
2022-11-01,618,26,7,1.13
2022-11-01,618,27,7,1.13
2022-11-01,618,28,6,0.97
2022-11-01,618,29,7,1.13
2022-11-01,618,30,9,1.46
2022-11-01,618,31,9,1.46
2022-11-01,618,32,8,1.29
2022-11-01,618,33,11,1.78
2022-11-01,618,34,6,0.97
2022-11-01,618,35,7,1.13
2022-11-01,618,36,11,1.78
2022-11-01,618,37,7,1.13
2022-11-01,618,38,5,0.81
2022-11-01,618,39,11,1.78
2022-11-01,618,40,9,1.46
2022-11-01,618,41,5,0.81
2022-10-01,601,0,601,100.0
2022-10-01,601,1,24,3.99
2022-10-01,601,2,9,1.5
2022-10-01,601,3,8,1.33
2022-10-01,601,4,9,1.5
2022-10-01,601,5,13,2.16
2022-10-01,601,6,8,1.33
2022-10-01,601,7,11,1.83
2022-10-01,601,8,10,1.66
2022-10-01,601,9,11,1.83
2022-10-01,601,10,12,2.0
2022-10-01,601,11,6,1.0
2022-10-01,601,12,8,1.33
2022-10-01,601,13,10,1.66
2022-10-01,601,14,6,1.0
2022-10-01,601,15,9,1.5
2022-10-01,601,16,7,1.16
2022-10-01,601,17,5,0.83
2022-10-01,601,18,6,1.0
2022-10-01,601,19,5,0.83
2022-10-01,601,20,2,0.33
2022-10-01,601,21,5,0.83
2022-10-01,601,22,8,1.33
2022-10-01,601,23,11,1.83
2022-10-01,601,24,4,0.67
2022-10-01,601,25,7,1.16
2022-10-01,601,26,5,0.83
2022-10-01,601,27,8,1.33
2022-10-01,601,28,10,1.66
2022-10-01,601,29,9,1.5
2022-10-01,601,30,9,1.5
2022-10-01,601,31,10,1.66
2022-10-01,601,32,10,1.66
2022-10-01,601,33,11,1.83
2022-10-01,601,34,13,2.16
2022-10-01,601,35,10,1.66
2022-10-01,601,36,7,1.16
2022-10-01,601,37,10,1.66
2022-10-01,601,38,7,1.16
2022-10-01,601,39,6,1.0
2022-10-01,601,40,7,1.16
2022-10-01,601,41,5,0.83
2022-10-01,601,42,6,1.0
2022-09-01,604,0,604,100.0
2022-09-01,604,1,20,3.31
2022-09-01,604,2,5,0.83
2022-09-01,604,3,7,1.16
2022-09-01,604,4,3,0.5
2022-09-01,604,5,6,0.99
2022-09-01,604,6,6,0.99
2022-09-01,604,7,5,0.83
2022-09-01,604,8,4,0.66
2022-09-01,604,9,8,1.32
2022-09-01,604,10,12,1.99
2022-09-01,604,11,9,1.49
2022-09-01,604,12,2,0.33
2022-09-01,604,13,7,1.16
2022-09-01,604,14,5,0.83
2022-09-01,604,15,8,1.32
2022-09-01,604,16,7,1.16
2022-09-01,604,17,16,2.65
2022-09-01,604,18,8,1.32
2022-09-01,604,19,10,1.66
2022-09-01,604,20,9,1.49
2022-09-01,604,21,6,0.99
2022-09-01,604,22,8,1.32
2022-09-01,604,23,7,1.16
2022-09-01,604,24,7,1.16
2022-09-01,604,25,12,1.99
2022-09-01,604,26,9,1.49
2022-09-01,604,27,9,1.49
2022-09-01,604,28,11,1.82
2022-09-01,604,29,6,0.99
2022-09-01,604,30,8,1.32
2022-09-01,604,31,6,0.99
2022-09-01,604,32,6,0.99
2022-09-01,604,33,11,1.82
2022-09-01,604,34,4,0.66
2022-09-01,604,35,8,1.32
2022-09-01,604,36,12,1.99
2022-09-01,604,37,7,1.16
2022-09-01,604,38,10,1.66
2022-09-01,604,39,2,0.33
2022-09-01,604,40,5,0.83
2022-09-01,604,41,8,1.32
2022-09-01,604,42,9,1.49
2022-09-01,604,43,12,1.99
2022-08-01,610,0,610,100.0
2022-08-01,610,1,21,3.44
2022-08-01,610,2,5,0.82
2022-08-01,610,3,11,1.8
2022-08-01,610,4,3,0.49
2022-08-01,610,5,6,0.98
2022-08-01,610,6,5,0.82
2022-08-01,610,7,8,1.31
2022-08-01,610,8,7,1.15
2022-08-01,610,9,8,1.31
2022-08-01,610,10,6,0.98
2022-08-01,610,11,10,1.64
2022-08-01,610,12,9,1.48
2022-08-01,610,13,7,1.15
2022-08-01,610,14,5,0.82
2022-08-01,610,15,4,0.66
2022-08-01,610,16,8,1.31
2022-08-01,610,17,11,1.8
2022-08-01,610,18,4,0.66
2022-08-01,610,19,6,0.98
2022-08-01,610,20,5,0.82
2022-08-01,610,21,2,0.33
2022-08-01,610,22,5,0.82
2022-08-01,610,23,6,0.98
2022-08-01,610,24,18,2.95
2022-08-01,610,25,10,1.64
2022-08-01,610,26,8,1.31
2022-08-01,610,27,7,1.15
2022-08-01,610,28,8,1.31
2022-08-01,610,29,12,1.97
2022-08-01,610,30,9,1.48
2022-08-01,610,31,6,0.98
2022-08-01,610,32,9,1.48
2022-08-01,610,33,8,1.31
2022-08-01,610,34,9,1.48
2022-08-01,610,35,6,0.98
2022-08-01,610,36,5,0.82
2022-08-01,610,37,6,0.98
2022-08-01,610,38,7,1.15
2022-08-01,610,39,6,0.98
2022-08-01,610,40,4,0.66
2022-08-01,610,41,6,0.98
2022-08-01,610,42,14,2.3
2022-08-01,610,43,6,0.98
2022-08-01,610,44,7,1.15
2022-07-01,569,0,569,100.0
2022-07-01,569,1,11,1.93
2022-07-01,569,2,6,1.05
2022-07-01,569,3,1,0.18
2022-07-01,569,4,9,1.58
2022-07-01,569,5,13,2.28
2022-07-01,569,6,8,1.41
2022-07-01,569,7,9,1.58
2022-07-01,569,8,9,1.58
2022-07-01,569,9,11,1.93
2022-07-01,569,10,9,1.58
2022-07-01,569,11,5,0.88
2022-07-01,569,12,10,1.76
2022-07-01,569,13,6,1.05
2022-07-01,569,14,10,1.76
2022-07-01,569,15,8,1.41
2022-07-01,569,16,12,2.11
2022-07-01,569,17,5,0.88
2022-07-01,569,18,4,0.7
2022-07-01,569,19,7,1.23
2022-07-01,569,20,6,1.05
2022-07-01,569,21,7,1.23
2022-07-01,569,22,3,0.53
2022-07-01,569,23,10,1.76
2022-07-01,569,24,11,1.93
2022-07-01,569,25,7,1.23
2022-07-01,569,26,7,1.23
2022-07-01,569,27,12,2.11
2022-07-01,569,28,11,1.93
2022-07-01,569,29,4,0.7
2022-07-01,569,30,4,0.7
2022-07-01,569,31,9,1.58
2022-07-01,569,32,11,1.93
2022-07-01,569,33,3,0.53
2022-07-01,569,34,4,0.7
2022-07-01,569,35,8,1.41
2022-07-01,569,36,8,1.41
2022-07-01,569,37,8,1.41
2022-07-01,569,38,5,0.88
2022-07-01,569,39,5,0.88
2022-07-01,569,40,6,1.05
2022-07-01,569,41,6,1.05
2022-07-01,569,42,4,0.7
2022-07-01,569,43,10,1.76
2022-07-01,569,44,14,2.46
2022-07-01,569,45,7,1.23
2022-06-01,551,0,551,100.0
2022-06-01,551,1,14,2.54
2022-06-01,551,2,11,2.0
2022-06-01,551,3,3,0.54
2022-06-01,551,4,9,1.63
2022-06-01,551,5,5,0.91
2022-06-01,551,6,4,0.73
2022-06-01,551,7,9,1.63
2022-06-01,551,8,3,0.54
2022-06-01,551,9,7,1.27
2022-06-01,551,10,7,1.27
2022-06-01,551,11,7,1.27
2022-06-01,551,12,7,1.27
2022-06-01,551,13,3,0.54
2022-06-01,551,14,6,1.09
2022-06-01,551,15,7,1.27
2022-06-01,551,16,5,0.91
2022-06-01,551,17,11,2.0
2022-06-01,551,18,7,1.27
2022-06-01,551,19,3,0.54
2022-06-01,551,20,6,1.09
2022-06-01,551,21,5,0.91
2022-06-01,551,22,4,0.73
2022-06-01,551,23,12,2.18
2022-06-01,551,24,8,1.45
2022-06-01,551,25,8,1.45
2022-06-01,551,26,9,1.63
2022-06-01,551,27,4,0.73
2022-06-01,551,28,16,2.9
2022-06-01,551,29,4,0.73
2022-06-01,551,30,6,1.09
2022-06-01,551,31,5,0.91
2022-06-01,551,32,3,0.54
2022-06-01,551,33,8,1.45
2022-06-01,551,34,4,0.73
2022-06-01,551,35,2,0.36
2022-06-01,551,36,8,1.45
2022-06-01,551,37,8,1.45
2022-06-01,551,38,5,0.91
2022-06-01,551,39,8,1.45
2022-06-01,551,40,11,2.0
2022-06-01,551,41,7,1.27
2022-06-01,551,42,11,2.0
2022-06-01,551,43,5,0.91
2022-06-01,551,44,8,1.45
2022-06-01,551,45,9,1.63
2022-06-01,551,46,4,0.73
2022-05-01,538,0,538,100.0
2022-05-01,538,1,13,2.42
2022-05-01,538,2,5,0.93
2022-05-01,538,3,8,1.49
2022-05-01,538,4,5,0.93
2022-05-01,538,5,6,1.12
2022-05-01,538,6,7,1.3
2022-05-01,538,7,5,0.93
2022-05-01,538,8,7,1.3
2022-05-01,538,9,10,1.86
2022-05-01,538,10,9,1.67
2022-05-01,538,11,7,1.3
2022-05-01,538,12,3,0.56
2022-05-01,538,13,7,1.3
2022-05-01,538,14,4,0.74
2022-05-01,538,15,3,0.56
2022-05-01,538,16,4,0.74
2022-05-01,538,17,4,0.74
2022-05-01,538,18,5,0.93
2022-05-01,538,19,4,0.74
2022-05-01,538,20,5,0.93
2022-05-01,538,21,5,0.93
2022-05-01,538,22,9,1.67
2022-05-01,538,23,7,1.3
2022-05-01,538,24,11,2.04
2022-05-01,538,25,4,0.74
2022-05-01,538,26,2,0.37
2022-05-01,538,27,5,0.93
2022-05-01,538,28,3,0.56
2022-05-01,538,29,9,1.67
2022-05-01,538,30,8,1.49
2022-05-01,538,31,8,1.49
2022-05-01,538,32,10,1.86
2022-05-01,538,33,8,1.49
2022-05-01,538,34,8,1.49
2022-05-01,538,35,5,0.93
2022-05-01,538,36,8,1.49
2022-05-01,538,37,6,1.12
2022-05-01,538,38,4,0.74
2022-05-01,538,39,7,1.3
2022-05-01,538,40,10,1.86
2022-05-01,538,41,5,0.93
2022-05-01,538,42,4,0.74
2022-05-01,538,43,8,1.49
2022-05-01,538,44,9,1.67
2022-05-01,538,45,17,3.16
2022-05-01,538,46,7,1.3
2022-05-01,538,47,3,0.56
2022-04-01,528,0,528,100.0
2022-04-01,528,1,22,4.17
2022-04-01,528,2,2,0.38
2022-04-01,528,3,8,1.52
2022-04-01,528,4,6,1.14
2022-04-01,528,5,10,1.89
2022-04-01,528,6,6,1.14
2022-04-01,528,7,4,0.76
2022-04-01,528,8,8,1.52
2022-04-01,528,9,5,0.95
2022-04-01,528,10,6,1.14
2022-04-01,528,11,6,1.14
2022-04-01,528,12,8,1.52
2022-04-01,528,13,3,0.57
2022-04-01,528,14,9,1.7
2022-04-01,528,15,5,0.95
2022-04-01,528,16,4,0.76
2022-04-01,528,17,8,1.52
2022-04-01,528,18,5,0.95
2022-04-01,528,19,5,0.95
2022-04-01,528,20,11,2.08
2022-04-01,528,21,8,1.52
2022-04-01,528,22,8,1.52
2022-04-01,528,23,10,1.89
2022-04-01,528,24,7,1.33
2022-04-01,528,25,10,1.89
2022-04-01,528,26,7,1.33
2022-04-01,528,27,6,1.14
2022-04-01,528,28,9,1.7
2022-04-01,528,29,9,1.7
2022-04-01,528,30,9,1.7
2022-04-01,528,31,8,1.52
2022-04-01,528,32,5,0.95
2022-04-01,528,33,7,1.33
2022-04-01,528,34,4,0.76
2022-04-01,528,35,7,1.33
2022-04-01,528,36,6,1.14
2022-04-01,528,37,7,1.33
2022-04-01,528,38,2,0.38
2022-04-01,528,39,5,0.95
2022-04-01,528,40,7,1.33
2022-04-01,528,41,10,1.89
2022-04-01,528,42,7,1.33
2022-04-01,528,43,9,1.7
2022-04-01,528,44,7,1.33
2022-04-01,528,45,6,1.14
2022-04-01,528,46,5,0.95
2022-04-01,528,47,3,0.57
2022-04-01,528,48,6,1.14
2022-03-01,512,0,512,100.0
2022-03-01,512,1,16,3.13
2022-03-01,512,2,6,1.17
2022-03-01,512,3,6,1.17
2022-03-01,512,4,4,0.78
2022-03-01,512,5,3,0.59
2022-03-01,512,6,7,1.37
2022-03-01,512,7,14,2.73
2022-03-01,512,8,6,1.17
2022-03-01,512,9,5,0.98
2022-03-01,512,10,10,1.95
2022-03-01,512,11,3,0.59
2022-03-01,512,12,5,0.98
2022-03-01,512,13,3,0.59
2022-03-01,512,14,7,1.37
2022-03-01,512,15,7,1.37
2022-03-01,512,16,8,1.56
2022-03-01,512,17,3,0.59
2022-03-01,512,18,5,0.98
2022-03-01,512,19,9,1.76
2022-03-01,512,20,7,1.37
2022-03-01,512,21,5,0.98
2022-03-01,512,22,2,0.39
2022-03-01,512,23,8,1.56
2022-03-01,512,24,8,1.56
2022-03-01,512,25,9,1.76
2022-03-01,512,26,4,0.78
2022-03-01,512,27,6,1.17
2022-03-01,512,28,7,1.37
2022-03-01,512,29,8,1.56
2022-03-01,512,30,9,1.76
2022-03-01,512,31,6,1.17
2022-03-01,512,32,10,1.95
2022-03-01,512,33,6,1.17
2022-03-01,512,34,9,1.76
2022-03-01,512,35,4,0.78
2022-03-01,512,36,6,1.17
2022-03-01,512,37,8,1.56
2022-03-01,512,38,2,0.39
2022-03-01,512,39,5,0.98
2022-03-01,512,40,9,1.76
2022-03-01,512,41,6,1.17
2022-03-01,512,42,6,1.17
2022-03-01,512,43,4,0.78
2022-03-01,512,44,6,1.17
2022-03-01,512,45,2,0.39
2022-03-01,512,46,11,2.15
2022-03-01,512,47,11,2.15
2022-03-01,512,48,5,0.98
2022-03-01,512,49,6,1.17
2022-02-01,483,0,483,100.0
2022-02-01,483,1,11,2.28
2022-02-01,483,2,6,1.24
2022-02-01,483,3,8,1.66
2022-02-01,483,4,2,0.41
2022-02-01,483,5,7,1.45
2022-02-01,483,6,7,1.45
2022-02-01,483,7,3,0.62
2022-02-01,483,8,5,1.04
2022-02-01,483,9,10,2.07
2022-02-01,483,10,7,1.45
2022-02-01,483,11,6,1.24
2022-02-01,483,12,6,1.24
2022-02-01,483,13,7,1.45
2022-02-01,483,14,4,0.83
2022-02-01,483,15,11,2.28
2022-02-01,483,16,6,1.24
2022-02-01,483,17,3,0.62
2022-02-01,483,18,3,0.62
2022-02-01,483,19,2,0.41
2022-02-01,483,20,4,0.83
2022-02-01,483,21,3,0.62
2022-02-01,483,22,4,0.83
2022-02-01,483,23,6,1.24
2022-02-01,483,24,9,1.86
2022-02-01,483,25,7,1.45
2022-02-01,483,26,6,1.24
2022-02-01,483,27,12,2.48
2022-02-01,483,28,5,1.04
2022-02-01,483,29,11,2.28
2022-02-01,483,30,8,1.66
2022-02-01,483,31,5,1.04
2022-02-01,483,32,6,1.24
2022-02-01,483,33,6,1.24
2022-02-01,483,34,10,2.07
2022-02-01,483,35,6,1.24
2022-02-01,483,36,5,1.04
2022-02-01,483,37,6,1.24
2022-02-01,483,38,4,0.83
2022-02-01,483,39,11,2.28
2022-02-01,483,40,3,0.62
2022-02-01,483,41,11,2.28
2022-02-01,483,42,2,0.41
2022-02-01,483,43,5,1.04
2022-02-01,483,44,7,1.45
2022-02-01,483,45,7,1.45
2022-02-01,483,46,5,1.04
2022-02-01,483,47,4,0.83
2022-02-01,483,48,3,0.62
2022-02-01,483,49,5,1.04
2022-02-01,483,50,2,0.41
2022-01-01,518,0,518,100.0
2022-01-01,518,1,13,2.51
2022-01-01,518,2,4,0.77
2022-01-01,518,3,9,1.74
2022-01-01,518,4,6,1.16
2022-01-01,518,5,3,0.58
2022-01-01,518,6,9,1.74
2022-01-01,518,7,5,0.97
2022-01-01,518,8,3,0.58
2022-01-01,518,9,6,1.16
2022-01-01,518,10,4,0.77
2022-01-01,518,11,7,1.35
2022-01-01,518,12,13,2.51
2022-01-01,518,13,2,0.39
2022-01-01,518,14,7,1.35
2022-01-01,518,15,7,1.35
2022-01-01,518,16,9,1.74
2022-01-01,518,17,7,1.35
2022-01-01,518,18,10,1.93
2022-01-01,518,19,6,1.16
2022-01-01,518,20,6,1.16
2022-01-01,518,21,7,1.35
2022-01-01,518,22,6,1.16
2022-01-01,518,23,8,1.54
2022-01-01,518,24,5,0.97
2022-01-01,518,25,3,0.58
2022-01-01,518,26,4,0.77
2022-01-01,518,27,10,1.93
2022-01-01,518,28,7,1.35
2022-01-01,518,29,5,0.97
2022-01-01,518,30,9,1.74
2022-01-01,518,31,3,0.58
2022-01-01,518,32,4,0.77
2022-01-01,518,33,3,0.58
2022-01-01,518,34,2,0.39
2022-01-01,518,35,6,1.16
2022-01-01,518,36,10,1.93
2022-01-01,518,37,7,1.35
2022-01-01,518,38,5,0.97
2022-01-01,518,39,6,1.16
2022-01-01,518,40,8,1.54
2022-01-01,518,41,3,0.58
2022-01-01,518,42,5,0.97
2022-01-01,518,43,5,0.97
2022-01-01,518,44,8,1.54
2022-01-01,518,45,8,1.54
2022-01-01,518,46,5,0.97
2022-01-01,518,47,2,0.39
2022-01-01,518,48,8,1.54
2022-01-01,518,49,9,1.74
2022-01-01,518,50,6,1.16
2022-01-01,518,51,5,0.97
2021-12-01,452,0,452,100.0
2021-12-01,452,1,7,1.55
2021-12-01,452,2,5,1.11
2021-12-01,452,3,5,1.11
2021-12-01,452,4,4,0.88
2021-12-01,452,5,2,0.44
2021-12-01,452,6,1,0.22
2021-12-01,452,7,4,0.88
2021-12-01,452,8,5,1.11
2021-12-01,452,9,5,1.11
2021-12-01,452,10,9,1.99
2021-12-01,452,11,12,2.65
2021-12-01,452,12,6,1.33
2021-12-01,452,13,5,1.11
2021-12-01,452,14,3,0.66
2021-12-01,452,15,5,1.11
2021-12-01,452,16,4,0.88
2021-12-01,452,17,7,1.55
2021-12-01,452,18,6,1.33
2021-12-01,452,19,8,1.77
2021-12-01,452,20,2,0.44
2021-12-01,452,21,4,0.88
2021-12-01,452,22,2,0.44
2021-12-01,452,23,4,0.88
2021-12-01,452,24,2,0.44
2021-12-01,452,25,3,0.66
2021-12-01,452,26,1,0.22
2021-12-01,452,27,8,1.77
2021-12-01,452,28,8,1.77
2021-12-01,452,29,4,0.88
2021-12-01,452,30,2,0.44
2021-12-01,452,31,2,0.44
2021-12-01,452,32,5,1.11
2021-12-01,452,33,5,1.11
2021-12-01,452,34,9,1.99
2021-12-01,452,35,5,1.11
2021-12-01,452,36,6,1.33
2021-12-01,452,37,4,0.88
2021-12-01,452,38,4,0.88
2021-12-01,452,39,6,1.33
2021-12-01,452,40,4,0.88
2021-12-01,452,41,1,0.22
2021-12-01,452,42,7,1.55
2021-12-01,452,43,7,1.55
2021-12-01,452,44,6,1.33
2021-12-01,452,45,9,1.99
2021-12-01,452,47,3,0.66
2021-12-01,452,48,2,0.44
2021-12-01,452,49,4,0.88
2021-12-01,452,50,4,0.88
2021-12-01,452,51,4,0.88
2021-12-01,452,52,5,1.11
2021-11-01,481,0,481,100.0
2021-11-01,481,1,15,3.12
2021-11-01,481,2,4,0.83
2021-11-01,481,3,8,1.66
2021-11-01,481,4,3,0.62
2021-11-01,481,5,4,0.83
2021-11-01,481,6,6,1.25
2021-11-01,481,7,3,0.62
2021-11-01,481,8,6,1.25
2021-11-01,481,9,3,0.62
2021-11-01,481,10,2,0.42
2021-11-01,481,11,5,1.04
2021-11-01,481,12,3,0.62
2021-11-01,481,13,9,1.87
2021-11-01,481,14,11,2.29
2021-11-01,481,15,5,1.04
2021-11-01,481,16,5,1.04
2021-11-01,481,17,7,1.46
2021-11-01,481,18,4,0.83
2021-11-01,481,19,9,1.87
2021-11-01,481,20,5,1.04
2021-11-01,481,21,6,1.25
2021-11-01,481,22,6,1.25
2021-11-01,481,23,3,0.62
2021-11-01,481,24,4,0.83
2021-11-01,481,25,5,1.04
2021-11-01,481,26,4,0.83
2021-11-01,481,27,1,0.21
2021-11-01,481,28,7,1.46
2021-11-01,481,29,6,1.25
2021-11-01,481,30,3,0.62
2021-11-01,481,31,10,2.08
2021-11-01,481,32,11,2.29
2021-11-01,481,33,9,1.87
2021-11-01,481,34,5,1.04
2021-11-01,481,35,3,0.62
2021-11-01,481,36,10,2.08
2021-11-01,481,37,4,0.83
2021-11-01,481,38,7,1.46
2021-11-01,481,39,7,1.46
2021-11-01,481,40,11,2.29
2021-11-01,481,41,4,0.83
2021-11-01,481,42,6,1.25
2021-11-01,481,43,3,0.62
2021-11-01,481,44,6,1.25
2021-11-01,481,45,3,0.62
2021-11-01,481,46,5,1.04
2021-11-01,481,47,8,1.66
2021-11-01,481,48,5,1.04
2021-11-01,481,49,2,0.42
2021-11-01,481,50,6,1.25
2021-11-01,481,51,3,0.62
2021-11-01,481,52,8,1.66
2021-11-01,481,53,3,0.62
2021-10-01,446,0,446,100.0
2021-10-01,446,1,15,3.36
2021-10-01,446,2,7,1.57
2021-10-01,446,3,7,1.57
2021-10-01,446,4,5,1.12
2021-10-01,446,5,6,1.35
2021-10-01,446,6,2,0.45
2021-10-01,446,7,6,1.35
2021-10-01,446,8,6,1.35
2021-10-01,446,9,10,2.24
2021-10-01,446,10,7,1.57
2021-10-01,446,11,3,0.67
2021-10-01,446,12,5,1.12
2021-10-01,446,13,7,1.57
2021-10-01,446,14,7,1.57
2021-10-01,446,15,3,0.67
2021-10-01,446,16,3,0.67
2021-10-01,446,17,10,2.24
2021-10-01,446,18,4,0.9
2021-10-01,446,19,5,1.12
2021-10-01,446,20,4,0.9
2021-10-01,446,21,3,0.67
2021-10-01,446,22,6,1.35
2021-10-01,446,23,7,1.57
2021-10-01,446,24,11,2.47
2021-10-01,446,25,6,1.35
2021-10-01,446,26,5,1.12
2021-10-01,446,27,6,1.35
2021-10-01,446,28,4,0.9
2021-10-01,446,29,2,0.45
2021-10-01,446,30,2,0.45
2021-10-01,446,31,5,1.12
2021-10-01,446,32,6,1.35
2021-10-01,446,33,7,1.57
2021-10-01,446,34,9,2.02
2021-10-01,446,35,7,1.57
2021-10-01,446,36,6,1.35
2021-10-01,446,37,8,1.79
2021-10-01,446,38,3,0.67
2021-10-01,446,39,2,0.45
2021-10-01,446,40,5,1.12
2021-10-01,446,41,3,0.67
2021-10-01,446,42,5,1.12
2021-10-01,446,43,4,0.9
2021-10-01,446,44,3,0.67
2021-10-01,446,45,11,2.47
2021-10-01,446,46,2,0.45
2021-10-01,446,47,5,1.12
2021-10-01,446,48,6,1.35
2021-10-01,446,49,3,0.67
2021-10-01,446,50,5,1.12
2021-10-01,446,51,1,0.22
2021-10-01,446,52,5,1.12
2021-10-01,446,53,4,0.9
2021-10-01,446,54,9,2.02
2021-09-01,419,0,419,100.0
2021-09-01,419,1,13,3.1
2021-09-01,419,2,5,1.19
2021-09-01,419,3,3,0.72
2021-09-01,419,4,1,0.24
2021-09-01,419,5,5,1.19
2021-09-01,419,6,2,0.48
2021-09-01,419,7,2,0.48
2021-09-01,419,8,6,1.43
2021-09-01,419,9,4,0.95
2021-09-01,419,10,3,0.72
2021-09-01,419,11,5,1.19
2021-09-01,419,12,4,0.95
2021-09-01,419,13,2,0.48
2021-09-01,419,14,7,1.67
2021-09-01,419,15,7,1.67
2021-09-01,419,16,3,0.72
2021-09-01,419,17,7,1.67
2021-09-01,419,18,6,1.43
2021-09-01,419,19,8,1.91
2021-09-01,419,20,4,0.95
2021-09-01,419,21,5,1.19
2021-09-01,419,22,7,1.67
2021-09-01,419,23,7,1.67
2021-09-01,419,24,3,0.72
2021-09-01,419,25,7,1.67
2021-09-01,419,26,9,2.15
2021-09-01,419,27,4,0.95
2021-09-01,419,28,2,0.48
2021-09-01,419,29,1,0.24
2021-09-01,419,30,8,1.91
2021-09-01,419,31,6,1.43
2021-09-01,419,32,7,1.67
2021-09-01,419,33,4,0.95
2021-09-01,419,34,1,0.24
2021-09-01,419,35,5,1.19
2021-09-01,419,36,2,0.48
2021-09-01,419,37,1,0.24
2021-09-01,419,38,4,0.95
2021-09-01,419,39,5,1.19
2021-09-01,419,40,9,2.15
2021-09-01,419,41,2,0.48
2021-09-01,419,42,3,0.72
2021-09-01,419,43,2,0.48
2021-09-01,419,44,5,1.19
2021-09-01,419,45,6,1.43
2021-09-01,419,46,5,1.19
2021-09-01,419,47,3,0.72
2021-09-01,419,48,7,1.67
2021-09-01,419,49,10,2.39
2021-09-01,419,50,11,2.63
2021-09-01,419,51,2,0.48
2021-09-01,419,52,7,1.67
2021-09-01,419,53,5,1.19
2021-09-01,419,54,7,1.67
2021-09-01,419,55,1,0.24
2021-08-01,421,0,421,100.0
2021-08-01,421,1,13,3.09
2021-08-01,421,2,3,0.71
2021-08-01,421,3,7,1.66
2021-08-01,421,4,6,1.43
2021-08-01,421,5,5,1.19
2021-08-01,421,6,6,1.43
2021-08-01,421,7,4,0.95
2021-08-01,421,8,3,0.71
2021-08-01,421,9,4,0.95
2021-08-01,421,10,2,0.48
2021-08-01,421,11,4,0.95
2021-08-01,421,12,6,1.43
2021-08-01,421,13,2,0.48
2021-08-01,421,14,2,0.48
2021-08-01,421,15,4,0.95
2021-08-01,421,16,9,2.14
2021-08-01,421,17,7,1.66
2021-08-01,421,18,3,0.71
2021-08-01,421,19,4,0.95
2021-08-01,421,20,3,0.71
2021-08-01,421,21,2,0.48
2021-08-01,421,22,2,0.48
2021-08-01,421,23,5,1.19
2021-08-01,421,24,2,0.48
2021-08-01,421,25,6,1.43
2021-08-01,421,26,4,0.95
2021-08-01,421,27,8,1.9
2021-08-01,421,28,5,1.19
2021-08-01,421,29,7,1.66
2021-08-01,421,30,6,1.43
2021-08-01,421,31,5,1.19
2021-08-01,421,32,5,1.19
2021-08-01,421,33,4,0.95
2021-08-01,421,34,3,0.71
2021-08-01,421,35,8,1.9
2021-08-01,421,36,4,0.95
2021-08-01,421,37,8,1.9
2021-08-01,421,38,3,0.71
2021-08-01,421,39,5,1.19
2021-08-01,421,40,6,1.43
2021-08-01,421,41,1,0.24
2021-08-01,421,42,7,1.66
2021-08-01,421,43,1,0.24
2021-08-01,421,44,8,1.9
2021-08-01,421,45,5,1.19
2021-08-01,421,46,1,0.24
2021-08-01,421,47,3,0.71
2021-08-01,421,48,4,0.95
2021-08-01,421,49,6,1.43
2021-08-01,421,50,9,2.14
2021-08-01,421,51,4,0.95
2021-08-01,421,52,5,1.19
2021-08-01,421,53,6,1.43
2021-08-01,421,54,7,1.66
2021-08-01,421,55,3,0.71
2021-08-01,421,56,2,0.48
2021-07-01,404,0,404,100.0
2021-07-01,404,1,19,4.7
2021-07-01,404,2,1,0.25
2021-07-01,404,3,5,1.24
2021-07-01,404,4,4,0.99
2021-07-01,404,5,2,0.5
2021-07-01,404,6,8,1.98
2021-07-01,404,7,2,0.5
2021-07-01,404,8,4,0.99
2021-07-01,404,9,4,0.99
2021-07-01,404,10,5,1.24
2021-07-01,404,11,4,0.99
2021-07-01,404,12,5,1.24
2021-07-01,404,13,5,1.24
2021-07-01,404,14,6,1.49
2021-07-01,404,15,6,1.49
2021-07-01,404,16,2,0.5
2021-07-01,404,17,3,0.74
2021-07-01,404,18,4,0.99
2021-07-01,404,19,4,0.99
2021-07-01,404,20,5,1.24
2021-07-01,404,21,3,0.74
2021-07-01,404,22,3,0.74
2021-07-01,404,23,4,0.99
2021-07-01,404,24,4,0.99
2021-07-01,404,25,6,1.49
2021-07-01,404,26,5,1.24
2021-07-01,404,27,6,1.49
2021-07-01,404,28,13,3.22
2021-07-01,404,29,6,1.49
2021-07-01,404,30,2,0.5
2021-07-01,404,31,5,1.24
2021-07-01,404,32,3,0.74
2021-07-01,404,33,5,1.24
2021-07-01,404,34,4,0.99
2021-07-01,404,35,3,0.74
2021-07-01,404,36,5,1.24
2021-07-01,404,37,5,1.24
2021-07-01,404,38,2,0.5
2021-07-01,404,39,9,2.23
2021-07-01,404,40,6,1.49
2021-07-01,404,41,3,0.74
2021-07-01,404,42,3,0.74
2021-07-01,404,43,2,0.5
2021-07-01,404,44,5,1.24
2021-07-01,404,45,6,1.49
2021-07-01,404,46,5,1.24
2021-07-01,404,47,6,1.49
2021-07-01,404,48,1,0.25
2021-07-01,404,49,3,0.74
2021-07-01,404,50,9,2.23
2021-07-01,404,51,5,1.24
2021-07-01,404,52,5,1.24
2021-07-01,404,53,5,1.24
2021-07-01,404,54,4,0.99
2021-07-01,404,55,5,1.24
2021-07-01,404,56,3,0.74
2021-07-01,404,57,1,0.25
2021-06-01,376,0,376,100.0
2021-06-01,376,1,10,2.66
2021-06-01,376,2,5,1.33
2021-06-01,376,3,6,1.6
2021-06-01,376,4,5,1.33
2021-06-01,376,5,9,2.39
2021-06-01,376,6,3,0.8
2021-06-01,376,7,2,0.53
2021-06-01,376,9,2,0.53
2021-06-01,376,10,3,0.8
2021-06-01,376,11,3,0.8
2021-06-01,376,12,2,0.53
2021-06-01,376,13,7,1.86
2021-06-01,376,14,6,1.6
2021-06-01,376,15,4,1.06
2021-06-01,376,16,5,1.33
2021-06-01,376,17,3,0.8
2021-06-01,376,18,2,0.53
2021-06-01,376,19,4,1.06
2021-06-01,376,20,6,1.6
2021-06-01,376,21,2,0.53
2021-06-01,376,22,6,1.6
2021-06-01,376,23,5,1.33
2021-06-01,376,24,2,0.53
2021-06-01,376,25,5,1.33
2021-06-01,376,26,5,1.33
2021-06-01,376,27,8,2.13
2021-06-01,376,28,1,0.27
2021-06-01,376,29,2,0.53
2021-06-01,376,30,5,1.33
2021-06-01,376,31,4,1.06
2021-06-01,376,32,5,1.33
2021-06-01,376,33,3,0.8
2021-06-01,376,34,5,1.33
2021-06-01,376,35,6,1.6
2021-06-01,376,36,4,1.06
2021-06-01,376,37,2,0.53
2021-06-01,376,38,3,0.8
2021-06-01,376,39,4,1.06
2021-06-01,376,40,6,1.6
2021-06-01,376,41,1,0.27
2021-06-01,376,42,6,1.6
2021-06-01,376,43,3,0.8
2021-06-01,376,44,7,1.86
2021-06-01,376,45,3,0.8
2021-06-01,376,46,8,2.13
2021-06-01,376,47,5,1.33
2021-06-01,376,48,5,1.33
2021-06-01,376,49,3,0.8
2021-06-01,376,50,6,1.6
2021-06-01,376,51,2,0.53
2021-06-01,376,52,4,1.06
2021-06-01,376,53,8,2.13
2021-06-01,376,54,3,0.8
2021-06-01,376,55,1,0.27
2021-06-01,376,56,4,1.06
2021-06-01,376,57,3,0.8
2021-06-01,376,58,2,0.53
2021-05-01,373,0,373,100.0
2021-05-01,373,1,16,4.29
2021-05-01,373,2,3,0.8
2021-05-01,373,3,8,2.14
2021-05-01,373,4,9,2.41
2021-05-01,373,5,5,1.34
2021-05-01,373,6,4,1.07
2021-05-01,373,7,2,0.54
2021-05-01,373,8,2,0.54
2021-05-01,373,9,5,1.34
2021-05-01,373,10,6,1.61
2021-05-01,373,11,7,1.88
2021-05-01,373,12,6,1.61
2021-05-01,373,13,7,1.88
2021-05-01,373,14,2,0.54
2021-05-01,373,15,3,0.8
2021-05-01,373,16,5,1.34
2021-05-01,373,17,3,0.8
2021-05-01,373,18,3,0.8
2021-05-01,373,19,6,1.61
2021-05-01,373,20,4,1.07
2021-05-01,373,21,4,1.07
2021-05-01,373,22,4,1.07
2021-05-01,373,23,6,1.61
2021-05-01,373,24,3,0.8
2021-05-01,373,25,7,1.88
2021-05-01,373,26,5,1.34
2021-05-01,373,27,4,1.07
2021-05-01,373,28,6,1.61
2021-05-01,373,29,5,1.34
2021-05-01,373,30,6,1.61
2021-05-01,373,31,8,2.14
2021-05-01,373,32,5,1.34
2021-05-01,373,33,4,1.07
2021-05-01,373,34,5,1.34
2021-05-01,373,35,4,1.07
2021-05-01,373,36,6,1.61
2021-05-01,373,37,6,1.61
2021-05-01,373,38,6,1.61
2021-05-01,373,39,2,0.54
2021-05-01,373,40,4,1.07
2021-05-01,373,41,4,1.07
2021-05-01,373,42,3,0.8
2021-05-01,373,43,5,1.34
2021-05-01,373,44,2,0.54
2021-05-01,373,45,1,0.27
2021-05-01,373,46,3,0.8
2021-05-01,373,47,2,0.54
2021-05-01,373,48,4,1.07
2021-05-01,373,49,1,0.27
2021-05-01,373,50,3,0.8
2021-05-01,373,51,2,0.54
2021-05-01,373,52,6,1.61
2021-05-01,373,53,4,1.07
2021-05-01,373,54,2,0.54
2021-05-01,373,55,3,0.8
2021-05-01,373,56,5,1.34
2021-05-01,373,57,4,1.07
2021-05-01,373,58,3,0.8
2021-05-01,373,59,1,0.27
2021-04-01,323,0,323,100.0
2021-04-01,323,1,10,3.1
2021-04-01,323,2,6,1.86
2021-04-01,323,3,3,0.93
2021-04-01,323,4,2,0.62
2021-04-01,323,5,5,1.55
2021-04-01,323,6,3,0.93
2021-04-01,323,7,3,0.93
2021-04-01,323,8,7,2.17
2021-04-01,323,9,6,1.86
2021-04-01,323,10,2,0.62
2021-04-01,323,11,1,0.31
2021-04-01,323,12,4,1.24
2021-04-01,323,13,7,2.17
2021-04-01,323,14,3,0.93
2021-04-01,323,15,6,1.86
2021-04-01,323,16,3,0.93
2021-04-01,323,17,4,1.24
2021-04-01,323,18,2,0.62
2021-04-01,323,19,2,0.62
2021-04-01,323,20,5,1.55
2021-04-01,323,21,3,0.93
2021-04-01,323,22,4,1.24
2021-04-01,323,23,4,1.24
2021-04-01,323,24,4,1.24
2021-04-01,323,25,7,2.17
2021-04-01,323,26,5,1.55
2021-04-01,323,27,1,0.31
2021-04-01,323,28,3,0.93
2021-04-01,323,29,3,0.93
2021-04-01,323,30,6,1.86
2021-04-01,323,31,4,1.24
2021-04-01,323,33,3,0.93
2021-04-01,323,34,4,1.24
2021-04-01,323,35,4,1.24
2021-04-01,323,36,2,0.62
2021-04-01,323,37,3,0.93
2021-04-01,323,38,4,1.24
2021-04-01,323,39,2,0.62
2021-04-01,323,40,4,1.24
2021-04-01,323,41,5,1.55
2021-04-01,323,42,3,0.93
2021-04-01,323,43,5,1.55
2021-04-01,323,44,3,0.93
2021-04-01,323,45,7,2.17
2021-04-01,323,46,4,1.24
2021-04-01,323,47,3,0.93
2021-04-01,323,48,4,1.24
2021-04-01,323,49,3,0.93
2021-04-01,323,50,5,1.55
2021-04-01,323,51,3,0.93
2021-04-01,323,53,4,1.24
2021-04-01,323,54,4,1.24
2021-04-01,323,55,1,0.31
2021-04-01,323,56,4,1.24
2021-04-01,323,57,4,1.24
2021-04-01,323,58,2,0.62
2021-04-01,323,59,5,1.55
2021-04-01,323,60,3,0.93
2021-03-01,356,0,356,100.0
2021-03-01,356,1,10,2.81
2021-03-01,356,2,4,1.12
2021-03-01,356,3,8,2.25
2021-03-01,356,4,3,0.84
2021-03-01,356,5,5,1.4
2021-03-01,356,6,3,0.84
2021-03-01,356,7,7,1.97
2021-03-01,356,8,4,1.12
2021-03-01,356,9,4,1.12
2021-03-01,356,10,4,1.12
2021-03-01,356,11,6,1.69
2021-03-01,356,12,4,1.12
2021-03-01,356,13,2,0.56
2021-03-01,356,14,4,1.12
2021-03-01,356,15,3,0.84
2021-03-01,356,16,6,1.69
2021-03-01,356,17,4,1.12
2021-03-01,356,18,5,1.4
2021-03-01,356,19,7,1.97
2021-03-01,356,20,3,0.84
2021-03-01,356,21,5,1.4
2021-03-01,356,22,3,0.84
2021-03-01,356,23,2,0.56
2021-03-01,356,24,3,0.84
2021-03-01,356,25,3,0.84
2021-03-01,356,26,2,0.56
2021-03-01,356,27,2,0.56
2021-03-01,356,28,10,2.81
2021-03-01,356,29,2,0.56
2021-03-01,356,30,3,0.84
2021-03-01,356,31,7,1.97
2021-03-01,356,32,5,1.4
2021-03-01,356,33,1,0.28
2021-03-01,356,34,4,1.12
2021-03-01,356,35,2,0.56
2021-03-01,356,36,5,1.4
2021-03-01,356,37,5,1.4
2021-03-01,356,38,5,1.4
2021-03-01,356,39,7,1.97
2021-03-01,356,40,4,1.12
2021-03-01,356,41,1,0.28
2021-03-01,356,42,3,0.84
2021-03-01,356,43,5,1.4
2021-03-01,356,44,6,1.69
2021-03-01,356,45,3,0.84
2021-03-01,356,46,6,1.69
2021-03-01,356,47,1,0.28
2021-03-01,356,48,3,0.84
2021-03-01,356,49,1,0.28
2021-03-01,356,50,8,2.25
2021-03-01,356,51,2,0.56
2021-03-01,356,52,3,0.84
2021-03-01,356,53,6,1.69
2021-03-01,356,54,1,0.28
2021-03-01,356,55,4,1.12
2021-03-01,356,57,5,1.4
2021-03-01,356,58,5,1.4
2021-03-01,356,60,1,0.28
2021-03-01,356,61,3,0.84
2021-02-01,278,0,278,100.0
2021-02-01,278,1,12,4.32
2021-02-01,278,2,3,1.08
2021-02-01,278,3,3,1.08
2021-02-01,278,4,4,1.44
2021-02-01,278,5,2,0.72
2021-02-01,278,6,7,2.52
2021-02-01,278,7,2,0.72
2021-02-01,278,8,3,1.08
2021-02-01,278,9,6,2.16
2021-02-01,278,10,1,0.36
2021-02-01,278,11,4,1.44
2021-02-01,278,12,2,0.72
2021-02-01,278,13,1,0.36
2021-02-01,278,14,3,1.08
2021-02-01,278,15,6,2.16
2021-02-01,278,17,4,1.44
2021-02-01,278,18,3,1.08
2021-02-01,278,19,4,1.44
2021-02-01,278,20,4,1.44
2021-02-01,278,21,6,2.16
2021-02-01,278,22,7,2.52
2021-02-01,278,23,5,1.8
2021-02-01,278,24,4,1.44
2021-02-01,278,25,3,1.08
2021-02-01,278,26,5,1.8
2021-02-01,278,27,3,1.08
2021-02-01,278,28,4,1.44
2021-02-01,278,29,4,1.44
2021-02-01,278,30,4,1.44
2021-02-01,278,31,3,1.08
2021-02-01,278,32,2,0.72
2021-02-01,278,33,5,1.8
2021-02-01,278,35,2,0.72
2021-02-01,278,36,6,2.16
2021-02-01,278,37,2,0.72
2021-02-01,278,38,4,1.44
2021-02-01,278,39,3,1.08
2021-02-01,278,40,5,1.8
2021-02-01,278,41,1,0.36
2021-02-01,278,42,2,0.72
2021-02-01,278,43,3,1.08
2021-02-01,278,44,1,0.36
2021-02-01,278,46,4,1.44
2021-02-01,278,47,4,1.44
2021-02-01,278,48,5,1.8
2021-02-01,278,49,2,0.72
2021-02-01,278,50,4,1.44
2021-02-01,278,51,2,0.72
2021-02-01,278,52,3,1.08
2021-02-01,278,53,1,0.36
2021-02-01,278,54,3,1.08
2021-02-01,278,55,4,1.44
2021-02-01,278,56,5,1.8
2021-02-01,278,57,2,0.72
2021-02-01,278,58,6,2.16
2021-02-01,278,59,5,1.8
2021-02-01,278,60,6,2.16
2021-02-01,278,61,1,0.36
2021-02-01,278,62,1,0.36
2021-01-01,325,0,325,100.0
2021-01-01,325,1,17,5.23
2021-01-01,325,2,6,1.85
2021-01-01,325,3,5,1.54
2021-01-01,325,4,5,1.54
2021-01-01,325,5,4,1.23
2021-01-01,325,6,1,0.31
2021-01-01,325,7,2,0.62
2021-01-01,325,8,6,1.85
2021-01-01,325,9,4,1.23
2021-01-01,325,10,4,1.23
2021-01-01,325,11,6,1.85
2021-01-01,325,12,1,0.31
2021-01-01,325,13,2,0.62
2021-01-01,325,14,3,0.92
2021-01-01,325,15,5,1.54
2021-01-01,325,16,3,0.92
2021-01-01,325,17,2,0.62
2021-01-01,325,18,6,1.85
2021-01-01,325,20,2,0.62
2021-01-01,325,21,2,0.62
2021-01-01,325,22,4,1.23
2021-01-01,325,23,2,0.62
2021-01-01,325,24,6,1.85
2021-01-01,325,25,3,0.92
2021-01-01,325,26,4,1.23
2021-01-01,325,27,3,0.92
2021-01-01,325,28,1,0.31
2021-01-01,325,29,4,1.23
2021-01-01,325,31,2,0.62
2021-01-01,325,32,1,0.31
2021-01-01,325,33,8,2.46
2021-01-01,325,35,1,0.31
2021-01-01,325,36,1,0.31
2021-01-01,325,37,2,0.62
2021-01-01,325,38,2,0.62
2021-01-01,325,39,4,1.23
2021-01-01,325,40,3,0.92
2021-01-01,325,41,2,0.62
2021-01-01,325,42,5,1.54
2021-01-01,325,43,1,0.31
2021-01-01,325,44,4,1.23
2021-01-01,325,45,2,0.62
2021-01-01,325,46,3,0.92
2021-01-01,325,47,2,0.62
2021-01-01,325,48,1,0.31
2021-01-01,325,49,2,0.62
2021-01-01,325,50,4,1.23
2021-01-01,325,51,6,1.85
2021-01-01,325,52,2,0.62
2021-01-01,325,53,5,1.54
2021-01-01,325,54,6,1.85
2021-01-01,325,55,3,0.92
2021-01-01,325,56,3,0.92
2021-01-01,325,57,2,0.62
2021-01-01,325,58,4,1.23
2021-01-01,325,59,2,0.62
2021-01-01,325,60,6,1.85
2021-01-01,325,61,6,1.85
2021-01-01,325,62,1,0.31
2021-01-01,325,63,2,0.62
2020-12-01,289,0,289,100.0
2020-12-01,289,1,5,1.73
2020-12-01,289,2,4,1.38
2020-12-01,289,3,2,0.69
2020-12-01,289,4,6,2.08
2020-12-01,289,6,4,1.38
2020-12-01,289,7,5,1.73
2020-12-01,289,8,1,0.35
2020-12-01,289,9,3,1.04
2020-12-01,289,10,3,1.04
2020-12-01,289,11,1,0.35
2020-12-01,289,13,5,1.73
2020-12-01,289,14,3,1.04
2020-12-01,289,15,3,1.04
2020-12-01,289,16,4,1.38
2020-12-01,289,17,2,0.69
2020-12-01,289,18,1,0.35
2020-12-01,289,19,4,1.38
2020-12-01,289,20,5,1.73
2020-12-01,289,21,6,2.08
2020-12-01,289,22,4,1.38
2020-12-01,289,23,4,1.38
2020-12-01,289,24,2,0.69
2020-12-01,289,25,7,2.42
2020-12-01,289,26,4,1.38
2020-12-01,289,27,3,1.04
2020-12-01,289,28,2,0.69
2020-12-01,289,29,1,0.35
2020-12-01,289,30,1,0.35
2020-12-01,289,31,2,0.69
2020-12-01,289,32,1,0.35
2020-12-01,289,33,3,1.04
2020-12-01,289,34,1,0.35
2020-12-01,289,35,3,1.04
2020-12-01,289,37,1,0.35
2020-12-01,289,38,2,0.69
2020-12-01,289,39,1,0.35
2020-12-01,289,40,4,1.38
2020-12-01,289,41,3,1.04
2020-12-01,289,42,4,1.38
2020-12-01,289,43,2,0.69
2020-12-01,289,44,3,1.04
2020-12-01,289,45,5,1.73
2020-12-01,289,46,5,1.73
2020-12-01,289,47,4,1.38
2020-12-01,289,48,3,1.04
2020-12-01,289,49,3,1.04
2020-12-01,289,50,4,1.38
2020-12-01,289,51,4,1.38
2020-12-01,289,52,3,1.04
2020-12-01,289,53,5,1.73
2020-12-01,289,54,6,2.08
2020-12-01,289,55,3,1.04
2020-12-01,289,56,1,0.35
2020-12-01,289,57,1,0.35
2020-12-01,289,58,4,1.38
2020-12-01,289,59,5,1.73
2020-12-01,289,60,3,1.04
2020-12-01,289,61,3,1.04
2020-12-01,289,62,3,1.04
2020-12-01,289,63,4,1.38
2020-12-01,289,64,3,1.04
2020-11-01,265,0,265,100.0
2020-11-01,265,1,10,3.77
2020-11-01,265,2,3,1.13
2020-11-01,265,3,1,0.38
2020-11-01,265,4,4,1.51
2020-11-01,265,5,3,1.13
2020-11-01,265,6,5,1.89
2020-11-01,265,8,2,0.75
2020-11-01,265,10,2,0.75
2020-11-01,265,11,1,0.38
2020-11-01,265,12,3,1.13
2020-11-01,265,13,3,1.13
2020-11-01,265,15,5,1.89
2020-11-01,265,16,3,1.13
2020-11-01,265,17,2,0.75
2020-11-01,265,18,2,0.75
2020-11-01,265,19,3,1.13
2020-11-01,265,20,3,1.13
2020-11-01,265,21,2,0.75
2020-11-01,265,22,3,1.13
2020-11-01,265,24,3,1.13
2020-11-01,265,25,4,1.51
2020-11-01,265,26,1,0.38
2020-11-01,265,27,2,0.75
2020-11-01,265,28,1,0.38
2020-11-01,265,29,1,0.38
2020-11-01,265,30,2,0.75
2020-11-01,265,31,3,1.13
2020-11-01,265,32,1,0.38
2020-11-01,265,33,2,0.75
2020-11-01,265,34,2,0.75
2020-11-01,265,35,3,1.13
2020-11-01,265,37,3,1.13
2020-11-01,265,38,4,1.51
2020-11-01,265,39,2,0.75
2020-11-01,265,40,1,0.38
2020-11-01,265,42,2,0.75
2020-11-01,265,43,1,0.38
2020-11-01,265,44,4,1.51
2020-11-01,265,45,4,1.51
2020-11-01,265,46,3,1.13
2020-11-01,265,47,2,0.75
2020-11-01,265,50,1,0.38
2020-11-01,265,51,3,1.13
2020-11-01,265,52,3,1.13
2020-11-01,265,53,3,1.13
2020-11-01,265,54,1,0.38
2020-11-01,265,55,2,0.75
2020-11-01,265,56,2,0.75
2020-11-01,265,57,4,1.51
2020-11-01,265,58,7,2.64
2020-11-01,265,59,2,0.75
2020-11-01,265,60,2,0.75
2020-11-01,265,61,3,1.13
2020-11-01,265,62,3,1.13
2020-11-01,265,63,4,1.51
2020-11-01,265,64,4,1.51
2020-11-01,265,65,2,0.75
2020-10-01,285,0,285,100.0
2020-10-01,285,1,9,3.16
2020-10-01,285,2,4,1.4
2020-10-01,285,3,3,1.05
2020-10-01,285,4,2,0.7
2020-10-01,285,5,3,1.05
2020-10-01,285,6,3,1.05
2020-10-01,285,7,5,1.75
2020-10-01,285,8,1,0.35
2020-10-01,285,9,2,0.7
2020-10-01,285,10,2,0.7
2020-10-01,285,11,3,1.05
2020-10-01,285,13,2,0.7
2020-10-01,285,14,6,2.11
2020-10-01,285,15,2,0.7
2020-10-01,285,16,5,1.75
2020-10-01,285,17,5,1.75
2020-10-01,285,18,3,1.05
2020-10-01,285,19,4,1.4
2020-10-01,285,20,2,0.7
2020-10-01,285,21,5,1.75
2020-10-01,285,22,1,0.35
2020-10-01,285,23,1,0.35
2020-10-01,285,24,7,2.46
2020-10-01,285,25,3,1.05
2020-10-01,285,26,4,1.4
2020-10-01,285,27,4,1.4
2020-10-01,285,28,2,0.7
2020-10-01,285,29,3,1.05
2020-10-01,285,31,3,1.05
2020-10-01,285,32,2,0.7
2020-10-01,285,33,2,0.7
2020-10-01,285,34,3,1.05
2020-10-01,285,36,1,0.35
2020-10-01,285,37,3,1.05
2020-10-01,285,39,4,1.4
2020-10-01,285,40,3,1.05
2020-10-01,285,41,2,0.7
2020-10-01,285,42,1,0.35
2020-10-01,285,43,4,1.4
2020-10-01,285,44,7,2.46
2020-10-01,285,45,3,1.05
2020-10-01,285,46,2,0.7
2020-10-01,285,47,6,2.11
2020-10-01,285,48,2,0.7
2020-10-01,285,49,2,0.7
2020-10-01,285,50,7,2.46
2020-10-01,285,51,1,0.35
2020-10-01,285,53,3,1.05
2020-10-01,285,54,1,0.35
2020-10-01,285,55,1,0.35
2020-10-01,285,56,1,0.35
2020-10-01,285,57,4,1.4
2020-10-01,285,58,2,0.7
2020-10-01,285,59,3,1.05
2020-10-01,285,60,3,1.05
2020-10-01,285,61,2,0.7
2020-10-01,285,62,3,1.05
2020-10-01,285,63,4,1.4
2020-10-01,285,64,2,0.7
2020-10-01,285,65,4,1.4
2020-10-01,285,66,3,1.05
2020-09-01,243,0,243,100.0
2020-09-01,243,1,6,2.47
2020-09-01,243,2,4,1.65
2020-09-01,243,3,2,0.82
2020-09-01,243,4,1,0.41
2020-09-01,243,5,2,0.82
2020-09-01,243,6,7,2.88
2020-09-01,243,7,1,0.41
2020-09-01,243,8,4,1.65
2020-09-01,243,10,3,1.23
2020-09-01,243,11,1,0.41
2020-09-01,243,12,1,0.41
2020-09-01,243,13,2,0.82
2020-09-01,243,14,3,1.23
2020-09-01,243,15,2,0.82
2020-09-01,243,16,1,0.41
2020-09-01,243,17,5,2.06
2020-09-01,243,18,3,1.23
2020-09-01,243,19,1,0.41
2020-09-01,243,20,2,0.82
2020-09-01,243,21,2,0.82
2020-09-01,243,22,2,0.82
2020-09-01,243,23,4,1.65
2020-09-01,243,25,3,1.23
2020-09-01,243,26,1,0.41
2020-09-01,243,29,1,0.41
2020-09-01,243,30,2,0.82
2020-09-01,243,31,4,1.65
2020-09-01,243,32,1,0.41
2020-09-01,243,33,2,0.82
2020-09-01,243,34,2,0.82
2020-09-01,243,35,5,2.06
2020-09-01,243,36,1,0.41
2020-09-01,243,37,2,0.82
2020-09-01,243,38,3,1.23
2020-09-01,243,39,4,1.65
2020-09-01,243,40,2,0.82
2020-09-01,243,41,5,2.06
2020-09-01,243,42,1,0.41
2020-09-01,243,43,2,0.82
2020-09-01,243,44,2,0.82
2020-09-01,243,45,1,0.41
2020-09-01,243,46,2,0.82
2020-09-01,243,47,5,2.06
2020-09-01,243,48,4,1.65
2020-09-01,243,49,5,2.06
2020-09-01,243,50,2,0.82
2020-09-01,243,51,3,1.23
2020-09-01,243,52,1,0.41
2020-09-01,243,53,3,1.23
2020-09-01,243,54,2,0.82
2020-09-01,243,55,6,2.47
2020-09-01,243,56,4,1.65
2020-09-01,243,57,3,1.23
2020-09-01,243,60,1,0.41
2020-09-01,243,61,2,0.82
2020-09-01,243,62,2,0.82
2020-09-01,243,63,1,0.41
2020-09-01,243,64,1,0.41
2020-09-01,243,65,3,1.23
2020-09-01,243,66,2,0.82
2020-09-01,243,67,1,0.41
2020-08-01,263,0,263,100.0
2020-08-01,263,1,4,1.52
2020-08-01,263,2,5,1.9
2020-08-01,263,3,5,1.9
2020-08-01,263,4,3,1.14
2020-08-01,263,5,2,0.76
2020-08-01,263,6,2,0.76
2020-08-01,263,7,3,1.14
2020-08-01,263,8,3,1.14
2020-08-01,263,9,1,0.38
2020-08-01,263,10,1,0.38
2020-08-01,263,11,1,0.38
2020-08-01,263,12,2,0.76
2020-08-01,263,13,1,0.38
2020-08-01,263,14,3,1.14
2020-08-01,263,15,3,1.14
2020-08-01,263,16,3,1.14
2020-08-01,263,17,3,1.14
2020-08-01,263,18,5,1.9
2020-08-01,263,19,2,0.76
2020-08-01,263,20,3,1.14
2020-08-01,263,21,2,0.76
2020-08-01,263,22,1,0.38
2020-08-01,263,23,7,2.66
2020-08-01,263,24,5,1.9
2020-08-01,263,25,3,1.14
2020-08-01,263,26,2,0.76
2020-08-01,263,27,2,0.76
2020-08-01,263,28,4,1.52
2020-08-01,263,29,4,1.52
2020-08-01,263,30,2,0.76
2020-08-01,263,31,2,0.76
2020-08-01,263,32,2,0.76
2020-08-01,263,33,1,0.38
2020-08-01,263,34,3,1.14
2020-08-01,263,35,5,1.9
2020-08-01,263,36,2,0.76
2020-08-01,263,37,4,1.52
2020-08-01,263,38,3,1.14
2020-08-01,263,39,5,1.9
2020-08-01,263,40,7,2.66
2020-08-01,263,41,3,1.14
2020-08-01,263,42,4,1.52
2020-08-01,263,43,2,0.76
2020-08-01,263,44,5,1.9
2020-08-01,263,45,3,1.14
2020-08-01,263,46,1,0.38
2020-08-01,263,47,3,1.14
2020-08-01,263,48,2,0.76
2020-08-01,263,49,5,1.9
2020-08-01,263,50,4,1.52
2020-08-01,263,51,3,1.14
2020-08-01,263,53,1,0.38
2020-08-01,263,54,4,1.52
2020-08-01,263,55,5,1.9
2020-08-01,263,56,4,1.52
2020-08-01,263,57,3,1.14
2020-08-01,263,58,3,1.14
2020-08-01,263,59,2,0.76
2020-08-01,263,60,3,1.14
2020-08-01,263,61,7,2.66
2020-08-01,263,62,1,0.38
2020-08-01,263,63,2,0.76
2020-08-01,263,64,2,0.76
2020-08-01,263,65,4,1.52
2020-08-01,263,67,4,1.52
2020-08-01,263,68,4,1.52
2020-07-01,216,0,216,100.0
2020-07-01,216,1,6,2.78
2020-07-01,216,2,1,0.46
2020-07-01,216,3,3,1.39
2020-07-01,216,5,4,1.85
2020-07-01,216,6,4,1.85
2020-07-01,216,7,2,0.93
2020-07-01,216,9,2,0.93
2020-07-01,216,10,1,0.46
2020-07-01,216,12,1,0.46
2020-07-01,216,13,1,0.46
2020-07-01,216,14,2,0.93
2020-07-01,216,15,5,2.31
2020-07-01,216,16,4,1.85
2020-07-01,216,17,4,1.85
2020-07-01,216,18,4,1.85
2020-07-01,216,19,1,0.46
2020-07-01,216,21,1,0.46
2020-07-01,216,22,2,0.93
2020-07-01,216,23,2,0.93
2020-07-01,216,24,2,0.93
2020-07-01,216,25,4,1.85
2020-07-01,216,26,3,1.39
2020-07-01,216,27,3,1.39
2020-07-01,216,28,2,0.93
2020-07-01,216,29,2,0.93
2020-07-01,216,30,4,1.85
2020-07-01,216,33,3,1.39
2020-07-01,216,35,1,0.46
2020-07-01,216,36,3,1.39
2020-07-01,216,37,2,0.93
2020-07-01,216,38,1,0.46
2020-07-01,216,39,3,1.39
2020-07-01,216,41,2,0.93
2020-07-01,216,42,2,0.93
2020-07-01,216,43,2,0.93
2020-07-01,216,44,4,1.85
2020-07-01,216,45,3,1.39
2020-07-01,216,46,2,0.93
2020-07-01,216,47,2,0.93
2020-07-01,216,48,1,0.46
2020-07-01,216,50,3,1.39
2020-07-01,216,51,3,1.39
2020-07-01,216,54,2,0.93
2020-07-01,216,55,3,1.39
2020-07-01,216,56,1,0.46
2020-07-01,216,57,3,1.39
2020-07-01,216,58,2,0.93
2020-07-01,216,59,1,0.46
2020-07-01,216,60,1,0.46
2020-07-01,216,61,1,0.46
2020-07-01,216,62,3,1.39
2020-07-01,216,63,2,0.93
2020-07-01,216,64,6,2.78
2020-07-01,216,65,2,0.93
2020-07-01,216,66,3,1.39
2020-07-01,216,67,3,1.39
2020-07-01,216,68,2,0.93
2020-07-01,216,69,1,0.46
2020-06-01,215,0,215,100.0
2020-06-01,215,1,8,3.72
2020-06-01,215,2,1,0.47
2020-06-01,215,4,3,1.4
2020-06-01,215,5,5,2.33
2020-06-01,215,7,1,0.47
2020-06-01,215,8,3,1.4
2020-06-01,215,9,1,0.47
2020-06-01,215,10,3,1.4
2020-06-01,215,11,2,0.93
2020-06-01,215,12,1,0.47
2020-06-01,215,14,3,1.4
2020-06-01,215,15,2,0.93
2020-06-01,215,16,1,0.47
2020-06-01,215,17,2,0.93
2020-06-01,215,18,5,2.33
2020-06-01,215,19,2,0.93
2020-06-01,215,20,6,2.79
2020-06-01,215,21,3,1.4
2020-06-01,215,22,1,0.47
2020-06-01,215,23,2,0.93
2020-06-01,215,24,3,1.4
2020-06-01,215,25,1,0.47
2020-06-01,215,27,1,0.47
2020-06-01,215,28,2,0.93
2020-06-01,215,30,4,1.86
2020-06-01,215,31,2,0.93
2020-06-01,215,33,2,0.93
2020-06-01,215,35,1,0.47
2020-06-01,215,36,4,1.86
2020-06-01,215,37,4,1.86
2020-06-01,215,39,2,0.93
2020-06-01,215,40,2,0.93
2020-06-01,215,41,2,0.93
2020-06-01,215,42,1,0.47
2020-06-01,215,43,2,0.93
2020-06-01,215,44,2,0.93
2020-06-01,215,45,2,0.93
2020-06-01,215,46,1,0.47
2020-06-01,215,47,3,1.4
2020-06-01,215,48,2,0.93
2020-06-01,215,49,1,0.47
2020-06-01,215,50,2,0.93
2020-06-01,215,51,1,0.47
2020-06-01,215,52,1,0.47
2020-06-01,215,53,6,2.79
2020-06-01,215,54,3,1.4
2020-06-01,215,55,2,0.93
2020-06-01,215,57,2,0.93
2020-06-01,215,58,1,0.47
2020-06-01,215,59,5,2.33
2020-06-01,215,60,3,1.4
2020-06-01,215,61,3,1.4
2020-06-01,215,62,4,1.86
2020-06-01,215,63,2,0.93
2020-06-01,215,64,4,1.86
2020-06-01,215,65,1,0.47
2020-06-01,215,66,2,0.93
2020-06-01,215,67,3,1.4
2020-06-01,215,69,3,1.4
2020-05-01,225,0,225,100.0
2020-05-01,225,1,3,1.33
2020-05-01,225,2,1,0.44
2020-05-01,225,3,2,0.89
2020-05-01,225,5,2,0.89
2020-05-01,225,6,1,0.44
2020-05-01,225,7,2,0.89
2020-05-01,225,8,1,0.44
2020-05-01,225,9,1,0.44
2020-05-01,225,10,1,0.44
2020-05-01,225,11,3,1.33
2020-05-01,225,12,4,1.78
2020-05-01,225,13,5,2.22
2020-05-01,225,14,3,1.33
2020-05-01,225,15,3,1.33
2020-05-01,225,16,2,0.89
2020-05-01,225,17,3,1.33
2020-05-01,225,18,6,2.67
2020-05-01,225,19,3,1.33
2020-05-01,225,20,4,1.78
2020-05-01,225,21,3,1.33
2020-05-01,225,22,2,0.89
2020-05-01,225,23,1,0.44
2020-05-01,225,25,4,1.78
2020-05-01,225,26,4,1.78
2020-05-01,225,27,1,0.44
2020-05-01,225,28,2,0.89
2020-05-01,225,29,1,0.44
2020-05-01,225,32,1,0.44
2020-05-01,225,33,2,0.89
2020-05-01,225,34,2,0.89
2020-05-01,225,35,3,1.33
2020-05-01,225,36,4,1.78
2020-05-01,225,37,3,1.33
2020-05-01,225,38,5,2.22
2020-05-01,225,39,3,1.33
2020-05-01,225,41,3,1.33
2020-05-01,225,42,5,2.22
2020-05-01,225,43,3,1.33
2020-05-01,225,44,1,0.44
2020-05-01,225,45,3,1.33
2020-05-01,225,46,3,1.33
2020-05-01,225,47,1,0.44
2020-05-01,225,48,2,0.89
2020-05-01,225,49,4,1.78
2020-05-01,225,50,7,3.11
2020-05-01,225,51,4,1.78
2020-05-01,225,52,4,1.78
2020-05-01,225,53,3,1.33
2020-05-01,225,54,2,0.89
2020-05-01,225,55,3,1.33
2020-05-01,225,56,5,2.22
2020-05-01,225,57,2,0.89
2020-05-01,225,58,4,1.78
2020-05-01,225,59,2,0.89
2020-05-01,225,60,3,1.33
2020-05-01,225,61,4,1.78
2020-05-01,225,62,3,1.33
2020-05-01,225,63,2,0.89
2020-05-01,225,64,3,1.33
2020-05-01,225,65,4,1.78
2020-05-01,225,66,4,1.78
2020-05-01,225,67,3,1.33
2020-05-01,225,68,1,0.44
2020-05-01,225,70,1,0.44
2020-05-01,225,71,3,1.33
2020-04-01,190,0,190,100.0
2020-04-01,190,1,7,3.68
2020-04-01,190,2,3,1.58
2020-04-01,190,3,2,1.05
2020-04-01,190,4,1,0.53
2020-04-01,190,5,5,2.63
2020-04-01,190,7,2,1.05
2020-04-01,190,8,2,1.05
2020-04-01,190,9,2,1.05
2020-04-01,190,10,1,0.53
2020-04-01,190,11,3,1.58
2020-04-01,190,13,1,0.53
2020-04-01,190,14,3,1.58
2020-04-01,190,16,3,1.58
2020-04-01,190,17,1,0.53
2020-04-01,190,18,2,1.05
2020-04-01,190,19,4,2.11
2020-04-01,190,20,5,2.63
2020-04-01,190,23,4,2.11
2020-04-01,190,25,3,1.58
2020-04-01,190,26,4,2.11
2020-04-01,190,27,3,1.58
2020-04-01,190,29,3,1.58
2020-04-01,190,30,1,0.53
2020-04-01,190,31,1,0.53
2020-04-01,190,32,3,1.58
2020-04-01,190,33,2,1.05
2020-04-01,190,34,1,0.53
2020-04-01,190,35,1,0.53
2020-04-01,190,36,2,1.05
2020-04-01,190,37,2,1.05
2020-04-01,190,38,1,0.53
2020-04-01,190,39,1,0.53
2020-04-01,190,40,2,1.05
2020-04-01,190,41,1,0.53
2020-04-01,190,42,3,1.58
2020-04-01,190,43,3,1.58
2020-04-01,190,44,2,1.05
2020-04-01,190,46,3,1.58
2020-04-01,190,47,1,0.53
2020-04-01,190,48,3,1.58
2020-04-01,190,49,3,1.58
2020-04-01,190,50,1,0.53
2020-04-01,190,51,3,1.58
2020-04-01,190,52,2,1.05
2020-04-01,190,53,1,0.53
2020-04-01,190,54,2,1.05
2020-04-01,190,55,1,0.53
2020-04-01,190,56,4,2.11
2020-04-01,190,57,3,1.58
2020-04-01,190,58,1,0.53
2020-04-01,190,59,3,1.58
2020-04-01,190,60,2,1.05
2020-04-01,190,61,1,0.53
2020-04-01,190,62,2,1.05
2020-04-01,190,63,1,0.53
2020-04-01,190,64,2,1.05
2020-04-01,190,66,3,1.58
2020-04-01,190,67,2,1.05
2020-04-01,190,68,2,1.05
2020-04-01,190,70,2,1.05
2020-04-01,190,71,3,1.58
2020-03-01,163,0,163,100.0
2020-03-01,163,1,3,1.84
2020-03-01,163,2,1,0.61
2020-03-01,163,6,2,1.23
2020-03-01,163,7,1,0.61
2020-03-01,163,9,1,0.61
2020-03-01,163,10,1,0.61
2020-03-01,163,11,1,0.61
2020-03-01,163,12,1,0.61
2020-03-01,163,13,3,1.84
2020-03-01,163,14,2,1.23
2020-03-01,163,15,2,1.23
2020-03-01,163,16,2,1.23
2020-03-01,163,18,2,1.23
2020-03-01,163,19,5,3.07
2020-03-01,163,20,2,1.23
2020-03-01,163,21,2,1.23
2020-03-01,163,22,1,0.61
2020-03-01,163,23,1,0.61
2020-03-01,163,24,2,1.23
2020-03-01,163,25,1,0.61
2020-03-01,163,26,2,1.23
2020-03-01,163,27,4,2.45
2020-03-01,163,28,2,1.23
2020-03-01,163,30,2,1.23
2020-03-01,163,32,1,0.61
2020-03-01,163,34,1,0.61
2020-03-01,163,35,1,0.61
2020-03-01,163,37,1,0.61
2020-03-01,163,42,1,0.61
2020-03-01,163,43,1,0.61
2020-03-01,163,44,2,1.23
2020-03-01,163,46,2,1.23
2020-03-01,163,47,1,0.61
2020-03-01,163,48,1,0.61
2020-03-01,163,50,1,0.61
2020-03-01,163,51,3,1.84
2020-03-01,163,53,2,1.23
2020-03-01,163,55,2,1.23
2020-03-01,163,56,1,0.61
2020-03-01,163,57,3,1.84
2020-03-01,163,58,3,1.84
2020-03-01,163,59,1,0.61
2020-03-01,163,60,1,0.61
2020-03-01,163,61,4,2.45
2020-03-01,163,62,1,0.61
2020-03-01,163,63,3,1.84
2020-03-01,163,64,1,0.61
2020-03-01,163,65,3,1.84
2020-03-01,163,66,3,1.84
2020-03-01,163,67,4,2.45
2020-03-01,163,68,1,0.61
2020-03-01,163,70,1,0.61
2020-03-01,163,71,1,0.61
2020-03-01,163,72,3,1.84
2020-03-01,163,73,3,1.84
2020-02-01,165,0,165,100.0
2020-02-01,165,1,9,5.45
2020-02-01,165,3,2,1.21
2020-02-01,165,4,4,2.42
2020-02-01,165,7,3,1.82
2020-02-01,165,8,2,1.21
2020-02-01,165,9,4,2.42
2020-02-01,165,10,3,1.82
2020-02-01,165,11,4,2.42
2020-02-01,165,12,3,1.82
2020-02-01,165,13,1,0.61
2020-02-01,165,14,2,1.21
2020-02-01,165,15,1,0.61
2020-02-01,165,16,2,1.21
2020-02-01,165,17,1,0.61
2020-02-01,165,18,1,0.61
2020-02-01,165,19,2,1.21
2020-02-01,165,20,2,1.21
2020-02-01,165,21,2,1.21
2020-02-01,165,22,1,0.61
2020-02-01,165,24,2,1.21
2020-02-01,165,25,2,1.21
2020-02-01,165,26,1,0.61
2020-02-01,165,27,1,0.61
2020-02-01,165,28,3,1.82
2020-02-01,165,29,2,1.21
2020-02-01,165,30,4,2.42
2020-02-01,165,31,4,2.42
2020-02-01,165,32,4,2.42
2020-02-01,165,33,3,1.82
2020-02-01,165,34,2,1.21
2020-02-01,165,35,2,1.21
2020-02-01,165,36,4,2.42
2020-02-01,165,37,4,2.42
2020-02-01,165,38,2,1.21
2020-02-01,165,39,3,1.82
2020-02-01,165,41,1,0.61
2020-02-01,165,42,2,1.21
2020-02-01,165,43,2,1.21
2020-02-01,165,44,1,0.61
2020-02-01,165,46,1,0.61
2020-02-01,165,47,1,0.61
2020-02-01,165,48,3,1.82
2020-02-01,165,49,2,1.21
2020-02-01,165,50,2,1.21
2020-02-01,165,51,1,0.61
2020-02-01,165,53,2,1.21
2020-02-01,165,55,1,0.61
2020-02-01,165,56,1,0.61
2020-02-01,165,57,1,0.61
2020-02-01,165,58,1,0.61
2020-02-01,165,60,2,1.21
2020-02-01,165,63,3,1.82
2020-02-01,165,66,2,1.21
2020-02-01,165,67,3,1.82
2020-02-01,165,68,2,1.21
2020-02-01,165,69,4,2.42
2020-02-01,165,70,1,0.61
2020-02-01,165,71,2,1.21
2020-02-01,165,72,2,1.21
2020-02-01,165,74,2,1.21
2020-01-01,149,0,149,100.0
2020-01-01,149,1,3,2.01
2020-01-01,149,2,2,1.34
2020-01-01,149,3,2,1.34
2020-01-01,149,5,1,0.67
2020-01-01,149,6,1,0.67
2020-01-01,149,7,1,0.67
2020-01-01,149,8,2,1.34
2020-01-01,149,9,1,0.67
2020-01-01,149,10,1,0.67
2020-01-01,149,11,1,0.67
2020-01-01,149,12,1,0.67
2020-01-01,149,16,2,1.34
2020-01-01,149,18,1,0.67
2020-01-01,149,19,2,1.34
2020-01-01,149,20,1,0.67
2020-01-01,149,21,1,0.67
2020-01-01,149,22,1,0.67
2020-01-01,149,24,1,0.67
2020-01-01,149,25,1,0.67
2020-01-01,149,26,1,0.67
2020-01-01,149,27,1,0.67
2020-01-01,149,28,1,0.67
2020-01-01,149,29,1,0.67
2020-01-01,149,30,3,2.01
2020-01-01,149,32,1,0.67
2020-01-01,149,35,3,2.01
2020-01-01,149,37,3,2.01
2020-01-01,149,39,1,0.67
2020-01-01,149,40,3,2.01
2020-01-01,149,41,2,1.34
2020-01-01,149,43,3,2.01
2020-01-01,149,45,1,0.67
2020-01-01,149,46,1,0.67
2020-01-01,149,47,2,1.34
2020-01-01,149,48,2,1.34
2020-01-01,149,49,3,2.01
2020-01-01,149,50,1,0.67
2020-01-01,149,53,2,1.34
2020-01-01,149,54,1,0.67
2020-01-01,149,56,1,0.67
2020-01-01,149,59,3,2.01
2020-01-01,149,60,1,0.67
2020-01-01,149,61,2,1.34
2020-01-01,149,62,2,1.34
2020-01-01,149,63,2,1.34
2020-01-01,149,64,1,0.67
2020-01-01,149,66,2,1.34
2020-01-01,149,67,1,0.67
2020-01-01,149,70,3,2.01
2020-01-01,149,71,4,2.68
2020-01-01,149,72,1,0.67
2020-01-01,149,73,1,0.67
2019-12-01,155,0,155,100.0
2019-12-01,155,1,4,2.58
2019-12-01,155,2,1,0.65
2019-12-01,155,3,1,0.65
2019-12-01,155,5,1,0.65
2019-12-01,155,6,2,1.29
2019-12-01,155,9,1,0.65
2019-12-01,155,10,1,0.65
2019-12-01,155,11,2,1.29
2019-12-01,155,12,4,2.58
2019-12-01,155,14,1,0.65
2019-12-01,155,15,1,0.65
2019-12-01,155,18,2,1.29
2019-12-01,155,19,1,0.65
2019-12-01,155,20,1,0.65
2019-12-01,155,21,2,1.29
2019-12-01,155,22,2,1.29
2019-12-01,155,23,1,0.65
2019-12-01,155,24,2,1.29
2019-12-01,155,26,2,1.29
2019-12-01,155,27,1,0.65
2019-12-01,155,28,1,0.65
2019-12-01,155,29,1,0.65
2019-12-01,155,30,2,1.29
2019-12-01,155,31,2,1.29
2019-12-01,155,32,2,1.29
2019-12-01,155,33,3,1.94
2019-12-01,155,34,1,0.65
2019-12-01,155,38,1,0.65
2019-12-01,155,39,4,2.58
2019-12-01,155,41,2,1.29
2019-12-01,155,42,3,1.94
2019-12-01,155,43,1,0.65
2019-12-01,155,44,1,0.65
2019-12-01,155,45,5,3.23
2019-12-01,155,46,2,1.29
2019-12-01,155,47,2,1.29
2019-12-01,155,48,3,1.94
2019-12-01,155,49,2,1.29
2019-12-01,155,50,1,0.65
2019-12-01,155,51,2,1.29
2019-12-01,155,54,2,1.29
2019-12-01,155,55,1,0.65
2019-12-01,155,56,1,0.65
2019-12-01,155,57,1,0.65
2019-12-01,155,58,3,1.94
2019-12-01,155,59,3,1.94
2019-12-01,155,60,1,0.65
2019-12-01,155,62,3,1.94
2019-12-01,155,63,1,0.65
2019-12-01,155,65,3,1.94
2019-12-01,155,68,2,1.29
2019-12-01,155,70,2,1.29
2019-12-01,155,71,4,2.58
2019-12-01,155,72,2,1.29
2019-12-01,155,73,4,2.58
2019-12-01,155,74,2,1.29
2019-12-01,155,75,4,2.58
2019-12-01,155,76,3,1.94
2019-11-01,115,0,115,100.0
2019-11-01,115,1,5,4.35
2019-11-01,115,2,1,0.87
2019-11-01,115,3,1,0.87
2019-11-01,115,4,1,0.87
2019-11-01,115,5,1,0.87
2019-11-01,115,6,1,0.87
2019-11-01,115,7,2,1.74
2019-11-01,115,8,1,0.87
2019-11-01,115,9,2,1.74
2019-11-01,115,10,3,2.61
2019-11-01,115,11,1,0.87
2019-11-01,115,12,2,1.74
2019-11-01,115,13,2,1.74
2019-11-01,115,15,3,2.61
2019-11-01,115,16,4,3.48
2019-11-01,115,18,1,0.87
2019-11-01,115,21,2,1.74
2019-11-01,115,24,1,0.87
2019-11-01,115,26,3,2.61
2019-11-01,115,29,1,0.87
2019-11-01,115,30,4,3.48
2019-11-01,115,31,1,0.87
2019-11-01,115,32,2,1.74
2019-11-01,115,33,1,0.87
2019-11-01,115,35,4,3.48
2019-11-01,115,36,1,0.87
2019-11-01,115,37,4,3.48
2019-11-01,115,38,1,0.87
2019-11-01,115,39,2,1.74
2019-11-01,115,41,2,1.74
2019-11-01,115,42,1,0.87
2019-11-01,115,43,2,1.74
2019-11-01,115,44,2,1.74
2019-11-01,115,45,1,0.87
2019-11-01,115,46,2,1.74
2019-11-01,115,50,1,0.87
2019-11-01,115,53,1,0.87
2019-11-01,115,54,1,0.87
2019-11-01,115,55,1,0.87
2019-11-01,115,58,3,2.61
2019-11-01,115,59,2,1.74
2019-11-01,115,61,2,1.74
2019-11-01,115,63,4,3.48
2019-11-01,115,64,1,0.87
2019-11-01,115,65,3,2.61
2019-11-01,115,66,1,0.87
2019-11-01,115,67,1,0.87
2019-11-01,115,68,1,0.87
2019-11-01,115,69,2,1.74
2019-11-01,115,70,1,0.87
2019-11-01,115,71,1,0.87
2019-11-01,115,72,2,1.74
2019-11-01,115,73,1,0.87
2019-11-01,115,75,2,1.74
2019-11-01,115,76,1,0.87
2019-11-01,115,77,1,0.87
2019-10-01,133,0,133,100.0
2019-10-01,133,1,4,3.01
2019-10-01,133,2,2,1.5
2019-10-01,133,6,1,0.75
2019-10-01,133,7,2,1.5
2019-10-01,133,8,3,2.26
2019-10-01,133,9,2,1.5
2019-10-01,133,10,4,3.01
2019-10-01,133,11,1,0.75
2019-10-01,133,12,1,0.75
2019-10-01,133,13,1,0.75
2019-10-01,133,14,3,2.26
2019-10-01,133,15,2,1.5
2019-10-01,133,18,1,0.75
2019-10-01,133,19,1,0.75
2019-10-01,133,21,2,1.5
2019-10-01,133,23,1,0.75
2019-10-01,133,25,2,1.5
2019-10-01,133,26,3,2.26
2019-10-01,133,28,1,0.75
2019-10-01,133,29,1,0.75
2019-10-01,133,31,1,0.75
2019-10-01,133,32,2,1.5
2019-10-01,133,33,2,1.5
2019-10-01,133,34,1,0.75
2019-10-01,133,35,2,1.5
2019-10-01,133,36,1,0.75
2019-10-01,133,37,2,1.5
2019-10-01,133,38,2,1.5
2019-10-01,133,40,1,0.75
2019-10-01,133,41,1,0.75
2019-10-01,133,42,2,1.5
2019-10-01,133,43,1,0.75
2019-10-01,133,44,2,1.5
2019-10-01,133,45,1,0.75
2019-10-01,133,47,1,0.75
2019-10-01,133,49,1,0.75
2019-10-01,133,51,2,1.5
2019-10-01,133,52,1,0.75
2019-10-01,133,53,4,3.01
2019-10-01,133,55,2,1.5
2019-10-01,133,56,1,0.75
2019-10-01,133,58,1,0.75
2019-10-01,133,59,2,1.5
2019-10-01,133,60,1,0.75
2019-10-01,133,61,1,0.75
2019-10-01,133,62,2,1.5
2019-10-01,133,63,2,1.5
2019-10-01,133,64,1,0.75
2019-10-01,133,65,1,0.75
2019-10-01,133,66,1,0.75
2019-10-01,133,67,1,0.75
2019-10-01,133,68,1,0.75
2019-10-01,133,69,2,1.5
2019-10-01,133,70,1,0.75
2019-10-01,133,71,3,2.26
2019-10-01,133,72,2,1.5
2019-10-01,133,74,2,1.5
2019-10-01,133,76,2,1.5
2019-10-01,133,77,2,1.5
2019-10-01,133,78,1,0.75
2019-09-01,89,0,89,100.0
2019-09-01,89,1,7,7.87
2019-09-01,89,3,1,1.12
2019-09-01,89,4,1,1.12
2019-09-01,89,7,1,1.12
2019-09-01,89,8,1,1.12
2019-09-01,89,9,1,1.12
2019-09-01,89,12,2,2.25
2019-09-01,89,14,1,1.12
2019-09-01,89,16,1,1.12
2019-09-01,89,18,1,1.12
2019-09-01,89,20,1,1.12
2019-09-01,89,21,1,1.12
2019-09-01,89,22,1,1.12
2019-09-01,89,24,3,3.37
2019-09-01,89,25,2,2.25
2019-09-01,89,26,2,2.25
2019-09-01,89,28,2,2.25
2019-09-01,89,31,1,1.12
2019-09-01,89,32,2,2.25
2019-09-01,89,34,1,1.12
2019-09-01,89,35,2,2.25
2019-09-01,89,36,1,1.12
2019-09-01,89,39,1,1.12
2019-09-01,89,40,1,1.12
2019-09-01,89,42,1,1.12
2019-09-01,89,43,1,1.12
2019-09-01,89,52,2,2.25
2019-09-01,89,53,1,1.12
2019-09-01,89,54,1,1.12
2019-09-01,89,57,1,1.12
2019-09-01,89,58,1,1.12
2019-09-01,89,61,1,1.12
2019-09-01,89,64,1,1.12
2019-09-01,89,65,1,1.12
2019-09-01,89,66,3,3.37
2019-09-01,89,67,4,4.49
2019-09-01,89,68,1,1.12
2019-09-01,89,72,1,1.12
2019-09-01,89,73,1,1.12
2019-09-01,89,75,1,1.12
2019-09-01,89,78,1,1.12
2019-09-01,89,79,1,1.12
2019-08-01,96,0,96,100.0
2019-08-01,96,1,3,3.13
2019-08-01,96,2,1,1.04
2019-08-01,96,3,2,2.08
2019-08-01,96,4,1,1.04
2019-08-01,96,6,3,3.13
2019-08-01,96,7,1,1.04
2019-08-01,96,10,2,2.08
2019-08-01,96,11,2,2.08
2019-08-01,96,13,2,2.08
2019-08-01,96,14,2,2.08
2019-08-01,96,16,1,1.04
2019-08-01,96,21,1,1.04
2019-08-01,96,22,1,1.04
2019-08-01,96,25,1,1.04
2019-08-01,96,26,1,1.04
2019-08-01,96,27,1,1.04
2019-08-01,96,28,1,1.04
2019-08-01,96,30,3,3.13
2019-08-01,96,32,3,3.13
2019-08-01,96,33,1,1.04
2019-08-01,96,34,1,1.04
2019-08-01,96,40,2,2.08
2019-08-01,96,43,3,3.13
2019-08-01,96,46,1,1.04
2019-08-01,96,48,2,2.08
2019-08-01,96,51,1,1.04
2019-08-01,96,52,2,2.08
2019-08-01,96,53,1,1.04
2019-08-01,96,54,1,1.04
2019-08-01,96,55,3,3.13
2019-08-01,96,58,2,2.08
2019-08-01,96,60,3,3.13
2019-08-01,96,61,2,2.08
2019-08-01,96,62,3,3.13
2019-08-01,96,63,3,3.13
2019-08-01,96,64,1,1.04
2019-08-01,96,65,1,1.04
2019-08-01,96,68,2,2.08
2019-08-01,96,69,3,3.13
2019-08-01,96,75,1,1.04
2019-08-01,96,77,2,2.08
2019-08-01,96,78,3,3.13
2019-08-01,96,79,1,1.04
2019-08-01,96,80,1,1.04
2019-07-01,80,0,80,100.0
2019-07-01,80,1,3,3.75
2019-07-01,80,2,1,1.25
2019-07-01,80,3,2,2.5
2019-07-01,80,8,1,1.25
2019-07-01,80,9,1,1.25
2019-07-01,80,10,2,2.5
2019-07-01,80,12,1,1.25
2019-07-01,80,13,1,1.25
2019-07-01,80,15,1,1.25
2019-07-01,80,16,1,1.25
2019-07-01,80,19,1,1.25
2019-07-01,80,23,1,1.25
2019-07-01,80,25,1,1.25
2019-07-01,80,26,2,2.5
2019-07-01,80,27,1,1.25
2019-07-01,80,28,1,1.25
2019-07-01,80,32,1,1.25
2019-07-01,80,33,1,1.25
2019-07-01,80,34,1,1.25
2019-07-01,80,35,3,3.75
2019-07-01,80,37,3,3.75
2019-07-01,80,38,1,1.25
2019-07-01,80,39,1,1.25
2019-07-01,80,40,1,1.25
2019-07-01,80,43,1,1.25
2019-07-01,80,45,1,1.25
2019-07-01,80,46,1,1.25
2019-07-01,80,49,1,1.25
2019-07-01,80,50,2,2.5
2019-07-01,80,52,1,1.25
2019-07-01,80,53,1,1.25
2019-07-01,80,56,2,2.5
2019-07-01,80,60,1,1.25
2019-07-01,80,62,1,1.25
2019-07-01,80,64,1,1.25
2019-07-01,80,66,3,3.75
2019-07-01,80,68,1,1.25
2019-07-01,80,72,2,2.5
2019-07-01,80,73,1,1.25
2019-07-01,80,74,1,1.25
2019-07-01,80,77,1,1.25
2019-07-01,80,78,1,1.25
2019-07-01,80,79,1,1.25
2019-06-01,56,0,56,100.0
2019-06-01,56,1,2,3.57
2019-06-01,56,10,1,1.79
2019-06-01,56,11,2,3.57
2019-06-01,56,14,1,1.79
2019-06-01,56,16,1,1.79
2019-06-01,56,17,1,1.79
2019-06-01,56,20,2,3.57
2019-06-01,56,21,1,1.79
2019-06-01,56,22,1,1.79
2019-06-01,56,24,1,1.79
2019-06-01,56,32,1,1.79
2019-06-01,56,34,1,1.79
2019-06-01,56,35,1,1.79
2019-06-01,56,36,1,1.79
2019-06-01,56,42,1,1.79
2019-06-01,56,45,1,1.79
2019-06-01,56,50,2,3.57
2019-06-01,56,56,1,1.79
2019-06-01,56,64,1,1.79
2019-06-01,56,74,1,1.79
2019-06-01,56,81,1,1.79
2019-05-01,52,0,52,100.0
2019-05-01,52,3,1,1.92
2019-05-01,52,5,1,1.92
2019-05-01,52,10,1,1.92
2019-05-01,52,13,1,1.92
2019-05-01,52,17,2,3.85
2019-05-01,52,19,1,1.92
2019-05-01,52,23,4,7.69
2019-05-01,52,24,1,1.92
2019-05-01,52,27,1,1.92
2019-05-01,52,30,1,1.92
2019-05-01,52,33,1,1.92
2019-05-01,52,38,1,1.92
2019-05-01,52,45,1,1.92
2019-05-01,52,50,1,1.92
2019-05-01,52,51,1,1.92
2019-05-01,52,56,1,1.92
2019-05-01,52,58,1,1.92
2019-05-01,52,60,1,1.92
2019-05-01,52,66,1,1.92
2019-05-01,52,67,1,1.92
2019-05-01,52,68,1,1.92
2019-05-01,52,70,1,1.92
2019-05-01,52,71,1,1.92
2019-05-01,52,79,1,1.92
2019-05-01,52,80,1,1.92
2019-05-01,52,82,1,1.92
2019-04-01,43,0,43,100.0
2019-04-01,43,2,1,2.33
2019-04-01,43,13,1,2.33
2019-04-01,43,25,1,2.33
2019-04-01,43,26,1,2.33
2019-04-01,43,27,2,4.65
2019-04-01,43,30,2,4.65
2019-04-01,43,31,1,2.33
2019-04-01,43,32,1,2.33
2019-04-01,43,35,1,2.33
2019-04-01,43,38,2,4.65
2019-04-01,43,43,2,4.65
2019-04-01,43,45,1,2.33
2019-04-01,43,49,1,2.33
2019-04-01,43,51,1,2.33
2019-04-01,43,53,2,4.65
2019-04-01,43,54,1,2.33
2019-04-01,43,56,1,2.33
2019-04-01,43,57,1,2.33
2019-04-01,43,59,1,2.33
2019-04-01,43,73,1,2.33
2019-04-01,43,75,1,2.33
2019-04-01,43,78,1,2.33
2019-04-01,43,79,2,4.65
2019-04-01,43,80,2,4.65
2019-04-01,43,82,1,2.33
2019-04-01,43,83,1,2.33
2019-04-01,43,84,1,2.33
2019-03-01,29,0,29,100.0
2019-03-01,29,4,1,3.45
2019-03-01,29,12,1,3.45
2019-03-01,29,13,1,3.45
2019-03-01,29,14,1,3.45
2019-03-01,29,15,1,3.45
2019-03-01,29,16,1,3.45
2019-03-01,29,18,1,3.45
2019-03-01,29,23,1,3.45
2019-03-01,29,26,1,3.45
2019-03-01,29,30,1,3.45
2019-03-01,29,33,1,3.45
2019-03-01,29,34,1,3.45
2019-03-01,29,35,1,3.45
2019-03-01,29,44,1,3.45
2019-03-01,29,51,1,3.45
2019-03-01,29,54,1,3.45
2019-03-01,29,55,1,3.45
2019-03-01,29,60,1,3.45
2019-03-01,29,63,1,3.45
2019-03-01,29,65,1,3.45
2019-03-01,29,70,1,3.45
2019-03-01,29,73,1,3.45
2019-03-01,29,74,1,3.45
2019-03-01,29,75,1,3.45
2019-03-01,29,76,1,3.45
2019-02-01,16,0,16,100.0
2019-02-01,16,1,1,6.25
2019-02-01,16,7,1,6.25
2019-02-01,16,8,1,6.25
2019-02-01,16,15,1,6.25
2019-02-01,16,20,1,6.25
2019-02-01,16,24,1,6.25
2019-02-01,16,43,1,6.25
2019-02-01,16,46,1,6.25
2019-02-01,16,49,1,6.25
2019-02-01,16,50,1,6.25
2019-02-01,16,52,1,6.25
2019-02-01,16,56,1,6.25
2019-02-01,16,63,1,6.25
2019-02-01,16,65,1,6.25
2019-02-01,16,72,1,6.25
2019-02-01,16,78,1,6.25
2019-02-01,16,79,1,6.25
2019-02-01,16,85,1,6.25
2019-02-01,16,86,1,6.25
2019-01-01,8,0,8,100.0
2019-01-01,8,1,1,12.5
2019-01-01,8,17,1,12.5
2019-01-01,8,72,1,12.5
2019-01-01,8,80,1,12.5
